ORIGIN,DESTINATION,OD_ID,COUNT
FI200,FI1C2,FI200_FI1C2,1
FI200,FI1C3,FI200_FI1C3,1
FI200,EE008,FI200_EE008,1
FI200,DK022,FI200_DK022,1
FI200,DK032,FI200_DK032,1
FI200,FI196,FI200_FI196,1
FI200,DK013,FI200_DK013,1
FI200,DK014,FI200_DK014,1
FI200,DK021,FI200_DK021,1
FI200,NO092,FI200_NO092,1
FI200,LV007,FI200_LV007,1
FI200,EE004,FI200_EE004,1
FI200,DK042,FI200_DK042,1
FI200,LT026,FI200_LT026,1
FI200,LT027,FI200_LT027,1
FI200,IS002,FI200_IS002,1
FI200,FI193,FI200_FI193,1
FI200,NO091,FI200_NO091,1
FI200,EE001,FI200_EE001,1
FI200,NO020,FI200_NO020,1
FI200,DK011,FI200_DK011,1
FI200,DK012,FI200_DK012,1
FI200,FI197,FI200_FI197,1
FI200,FI195,FI200_FI195,1
FI200,DK041,FI200_DK041,1
FI200,EE00A,FI200_EE00A,1
FI200,DK031,FI200_DK031,1
FI200,NO082,FI200_NO082,1
FI200,FI1B1,FI200_FI1B1,1
FI200,FI1C4,FI200_FI1C4,1
FI200,FI194,FI200_FI194,1
FI200,FI1C1,FI200_FI1C1,1
FI200,FI1D7,FI200_FI1D7,1
FI200,FI1D1,FI200_FI1D1,1
FI200,FI1D3,FI200_FI1D3,1
FI200,FI1D8,FI200_FI1D8,1
FI200,FI1D2,FI200_FI1D2,1
FI200,NO0A2,FI200_NO0A2,1
FI200,NO060,FI200_NO060,1
FI200,NO074,FI200_NO074,1
FI200,DK050,FI200_DK050,1
FI200,NO0A1,FI200_NO0A1,1
FI200,NO081,FI200_NO081,1
FI200,SE122,FI200_SE122,1
FI200,LV009,FI200_LV009,1
FI200,LT021,FI200_LT021,1
FI200,LT025,FI200_LT025,1
FI200,LV006,FI200_LV006,1
FI200,IS001,FI200_IS001,1
FI200,LV005,FI200_LV005,1
FI200,LV008,FI200_LV008,1
FI200,LT022,FI200_LT022,1
FI200,LV003,FI200_LV003,1
FI200,FI1D5,FI200_FI1D5,1
FI200,SE213,FI200_SE213,1
FI200,FI1D9,FI200_FI1D9,1
FI200,FI1C5,FI200_FI1C5,1
FI200,LT023,FI200_LT023,1
FI200,LT024,FI200_LT024,1
FI200,LT028,FI200_LT028,1
FI200,LT029,FI200_LT029,1
FI200,SE232,FI200_SE232,1
FI200,SE331,FI200_SE331,1
FI200,SE322,FI200_SE322,1
FI200,SE332,FI200_SE332,1
FI200,SE124,FI200_SE124,1
FI200,SE125,FI200_SE125,1
FI200,SE123,FI200_SE123,1
FI200,SE231,FI200_SE231,1
FI200,SE321,FI200_SE321,1
FI200,SE312,FI200_SE312,1
FI200,SE221,FI200_SE221,1
FI200,SE211,FI200_SE211,1
FI200,LT011,FI200_LT011,1
FI200,SE313,FI200_SE313,1
FI200,SE224,FI200_SE224,1
FI200,SE311,FI200_SE311,1
FI200,SE110,FI200_SE110,1
FI200,SE121,FI200_SE121,1
FI200,SE214,FI200_SE214,1
FI200,SE212,FI200_SE212,1
FI200,NO0A3,FI200_NO0A3,1
FI200,NO071,FI200_NO071,1
FI200,NO0B1,FI200_NO0B1,1
FI200,EE009,FI200_EE009,1
FI200,NO0B2,FI200_NO0B2,1
FI1C2,FI1C3,FI1C2_FI1C3,1
FI1C2,EE008,FI1C2_EE008,1
FI1C2,DK022,FI1C2_DK022,1
FI1C2,DK032,FI1C2_DK032,1
FI1C2,FI196,FI1C2_FI196,1
FI1C2,DK013,FI1C2_DK013,1
FI1C2,DK014,FI1C2_DK014,1
FI1C2,DK021,FI1C2_DK021,1
FI1C2,NO092,FI1C2_NO092,1
FI1C2,LV007,FI1C2_LV007,1
FI1C2,EE004,FI1C2_EE004,1
FI1C2,DK042,FI1C2_DK042,1
FI1C2,LT026,FI1C2_LT026,1
FI1C2,LT027,FI1C2_LT027,1
FI1C2,IS002,FI1C2_IS002,1
FI1C2,FI193,FI1C2_FI193,1
FI1C2,NO091,FI1C2_NO091,1
FI1C2,EE001,FI1C2_EE001,1
FI1C2,NO020,FI1C2_NO020,1
FI1C2,DK011,FI1C2_DK011,1
FI1C2,DK012,FI1C2_DK012,1
FI1C2,FI197,FI1C2_FI197,1
FI1C2,FI195,FI1C2_FI195,1
FI1C2,DK041,FI1C2_DK041,1
FI1C2,EE00A,FI1C2_EE00A,1
FI1C2,DK031,FI1C2_DK031,1
FI1C2,NO082,FI1C2_NO082,1
FI1C2,FI1B1,FI1C2_FI1B1,1
FI1C2,FI1C4,FI1C2_FI1C4,1
FI1C2,FI194,FI1C2_FI194,1
FI1C2,FI1C1,FI1C2_FI1C1,1
FI1C2,FI1D7,FI1C2_FI1D7,1
FI1C2,FI1D1,FI1C2_FI1D1,1
FI1C2,FI1D3,FI1C2_FI1D3,1
FI1C2,FI1D8,FI1C2_FI1D8,1
FI1C2,FI1D2,FI1C2_FI1D2,1
FI1C2,NO0A2,FI1C2_NO0A2,1
FI1C2,NO060,FI1C2_NO060,1
FI1C2,NO074,FI1C2_NO074,1
FI1C2,DK050,FI1C2_DK050,1
FI1C2,NO0A1,FI1C2_NO0A1,1
FI1C2,NO081,FI1C2_NO081,1
FI1C2,SE122,FI1C2_SE122,1
FI1C2,LV009,FI1C2_LV009,1
FI1C2,LT021,FI1C2_LT021,1
FI1C2,LT025,FI1C2_LT025,1
FI1C2,LV006,FI1C2_LV006,1
FI1C2,IS001,FI1C2_IS001,1
FI1C2,LV005,FI1C2_LV005,1
FI1C2,LV008,FI1C2_LV008,1
FI1C2,LT022,FI1C2_LT022,1
FI1C2,LV003,FI1C2_LV003,1
FI1C2,FI1D5,FI1C2_FI1D5,1
FI1C2,SE213,FI1C2_SE213,1
FI1C2,FI1D9,FI1C2_FI1D9,1
FI1C2,FI1C5,FI1C2_FI1C5,1
FI1C2,LT023,FI1C2_LT023,1
FI1C2,LT024,FI1C2_LT024,1
FI1C2,LT028,FI1C2_LT028,1
FI1C2,LT029,FI1C2_LT029,1
FI1C2,SE232,FI1C2_SE232,1
FI1C2,SE331,FI1C2_SE331,1
FI1C2,SE322,FI1C2_SE322,1
FI1C2,SE332,FI1C2_SE332,1
FI1C2,SE124,FI1C2_SE124,1
FI1C2,SE125,FI1C2_SE125,1
FI1C2,SE123,FI1C2_SE123,1
FI1C2,SE231,FI1C2_SE231,1
FI1C2,SE321,FI1C2_SE321,1
FI1C2,SE312,FI1C2_SE312,1
FI1C2,SE221,FI1C2_SE221,1
FI1C2,SE211,FI1C2_SE211,1
FI1C2,LT011,FI1C2_LT011,1
FI1C2,SE313,FI1C2_SE313,1
FI1C2,SE224,FI1C2_SE224,1
FI1C2,SE311,FI1C2_SE311,1
FI1C2,SE110,FI1C2_SE110,1
FI1C2,SE121,FI1C2_SE121,1
FI1C2,SE214,FI1C2_SE214,1
FI1C2,SE212,FI1C2_SE212,1
FI1C2,NO0A3,FI1C2_NO0A3,1
FI1C2,NO071,FI1C2_NO071,1
FI1C2,NO0B1,FI1C2_NO0B1,1
FI1C2,EE009,FI1C2_EE009,1
FI1C2,NO0B2,FI1C2_NO0B2,1
FI1C3,EE008,FI1C3_EE008,1
FI1C3,DK022,FI1C3_DK022,1
FI1C3,DK032,FI1C3_DK032,1
FI1C3,FI196,FI1C3_FI196,1
FI1C3,DK013,FI1C3_DK013,1
FI1C3,DK014,FI1C3_DK014,1
FI1C3,DK021,FI1C3_DK021,1
FI1C3,NO092,FI1C3_NO092,1
FI1C3,LV007,FI1C3_LV007,1
FI1C3,EE004,FI1C3_EE004,1
FI1C3,DK042,FI1C3_DK042,1
FI1C3,LT026,FI1C3_LT026,1
FI1C3,LT027,FI1C3_LT027,1
FI1C3,IS002,FI1C3_IS002,1
FI1C3,FI193,FI1C3_FI193,1
FI1C3,NO091,FI1C3_NO091,1
FI1C3,EE001,FI1C3_EE001,1
FI1C3,NO020,FI1C3_NO020,1
FI1C3,DK011,FI1C3_DK011,1
FI1C3,DK012,FI1C3_DK012,1
FI1C3,FI197,FI1C3_FI197,1
FI1C3,FI195,FI1C3_FI195,1
FI1C3,DK041,FI1C3_DK041,1
FI1C3,EE00A,FI1C3_EE00A,1
FI1C3,DK031,FI1C3_DK031,1
FI1C3,NO082,FI1C3_NO082,1
FI1C3,FI1B1,FI1C3_FI1B1,1
FI1C3,FI1C4,FI1C3_FI1C4,1
FI1C3,FI194,FI1C3_FI194,1
FI1C3,FI1C1,FI1C3_FI1C1,1
FI1C3,FI1D7,FI1C3_FI1D7,1
FI1C3,FI1D1,FI1C3_FI1D1,1
FI1C3,FI1D3,FI1C3_FI1D3,1
FI1C3,FI1D8,FI1C3_FI1D8,1
FI1C3,FI1D2,FI1C3_FI1D2,1
FI1C3,NO0A2,FI1C3_NO0A2,1
FI1C3,NO060,FI1C3_NO060,1
FI1C3,NO074,FI1C3_NO074,1
FI1C3,DK050,FI1C3_DK050,1
FI1C3,NO0A1,FI1C3_NO0A1,1
FI1C3,NO081,FI1C3_NO081,1
FI1C3,SE122,FI1C3_SE122,1
FI1C3,LV009,FI1C3_LV009,1
FI1C3,LT021,FI1C3_LT021,1
FI1C3,LT025,FI1C3_LT025,1
FI1C3,LV006,FI1C3_LV006,1
FI1C3,IS001,FI1C3_IS001,1
FI1C3,LV005,FI1C3_LV005,1
FI1C3,LV008,FI1C3_LV008,1
FI1C3,LT022,FI1C3_LT022,1
FI1C3,LV003,FI1C3_LV003,1
FI1C3,FI1D5,FI1C3_FI1D5,1
FI1C3,SE213,FI1C3_SE213,1
FI1C3,FI1D9,FI1C3_FI1D9,1
FI1C3,FI1C5,FI1C3_FI1C5,1
FI1C3,LT023,FI1C3_LT023,1
FI1C3,LT024,FI1C3_LT024,1
FI1C3,LT028,FI1C3_LT028,1
FI1C3,LT029,FI1C3_LT029,1
FI1C3,SE232,FI1C3_SE232,1
FI1C3,SE331,FI1C3_SE331,1
FI1C3,SE322,FI1C3_SE322,1
FI1C3,SE332,FI1C3_SE332,1
FI1C3,SE124,FI1C3_SE124,1
FI1C3,SE125,FI1C3_SE125,1
FI1C3,SE123,FI1C3_SE123,1
FI1C3,SE231,FI1C3_SE231,1
FI1C3,SE321,FI1C3_SE321,1
FI1C3,SE312,FI1C3_SE312,1
FI1C3,SE221,FI1C3_SE221,1
FI1C3,SE211,FI1C3_SE211,1
FI1C3,LT011,FI1C3_LT011,1
FI1C3,SE313,FI1C3_SE313,1
FI1C3,SE224,FI1C3_SE224,1
FI1C3,SE311,FI1C3_SE311,1
FI1C3,SE110,FI1C3_SE110,1
FI1C3,SE121,FI1C3_SE121,1
FI1C3,SE214,FI1C3_SE214,1
FI1C3,SE212,FI1C3_SE212,1
FI1C3,NO0A3,FI1C3_NO0A3,1
FI1C3,NO071,FI1C3_NO071,1
FI1C3,NO0B1,FI1C3_NO0B1,1
FI1C3,EE009,FI1C3_EE009,1
FI1C3,NO0B2,FI1C3_NO0B2,1
EE008,DK022,EE008_DK022,1
EE008,DK032,EE008_DK032,1
EE008,FI196,EE008_FI196,1
EE008,DK013,EE008_DK013,1
EE008,DK014,EE008_DK014,1
EE008,DK021,EE008_DK021,1
EE008,NO092,EE008_NO092,1
EE008,LV007,EE008_LV007,1
EE008,EE004,EE008_EE004,1
EE008,DK042,EE008_DK042,1
EE008,LT026,EE008_LT026,1
EE008,LT027,EE008_LT027,1
EE008,IS002,EE008_IS002,1
EE008,FI193,EE008_FI193,1
EE008,NO091,EE008_NO091,1
EE008,EE001,EE008_EE001,1
EE008,NO020,EE008_NO020,1
EE008,DK011,EE008_DK011,1
EE008,DK012,EE008_DK012,1
EE008,FI197,EE008_FI197,1
EE008,FI195,EE008_FI195,1
EE008,DK041,EE008_DK041,1
EE008,EE00A,EE008_EE00A,1
EE008,DK031,EE008_DK031,1
EE008,NO082,EE008_NO082,1
EE008,FI1B1,EE008_FI1B1,1
EE008,FI1C4,EE008_FI1C4,1
EE008,FI194,EE008_FI194,1
EE008,FI1C1,EE008_FI1C1,1
EE008,FI1D7,EE008_FI1D7,1
EE008,FI1D1,EE008_FI1D1,1
EE008,FI1D3,EE008_FI1D3,1
EE008,FI1D8,EE008_FI1D8,1
EE008,FI1D2,EE008_FI1D2,1
EE008,NO0A2,EE008_NO0A2,1
EE008,NO060,EE008_NO060,1
EE008,NO074,EE008_NO074,1
EE008,DK050,EE008_DK050,1
EE008,NO0A1,EE008_NO0A1,1
EE008,NO081,EE008_NO081,1
EE008,SE122,EE008_SE122,1
EE008,LV009,EE008_LV009,1
EE008,LT021,EE008_LT021,1
EE008,LT025,EE008_LT025,1
EE008,LV006,EE008_LV006,1
EE008,IS001,EE008_IS001,1
EE008,LV005,EE008_LV005,1
EE008,LV008,EE008_LV008,1
EE008,LT022,EE008_LT022,1
EE008,LV003,EE008_LV003,1
EE008,FI1D5,EE008_FI1D5,1
EE008,SE213,EE008_SE213,1
EE008,FI1D9,EE008_FI1D9,1
EE008,FI1C5,EE008_FI1C5,1
EE008,LT023,EE008_LT023,1
EE008,LT024,EE008_LT024,1
EE008,LT028,EE008_LT028,1
EE008,LT029,EE008_LT029,1
EE008,SE232,EE008_SE232,1
EE008,SE331,EE008_SE331,1
EE008,SE322,EE008_SE322,1
EE008,SE332,EE008_SE332,1
EE008,SE124,EE008_SE124,1
EE008,SE125,EE008_SE125,1
EE008,SE123,EE008_SE123,1
EE008,SE231,EE008_SE231,1
EE008,SE321,EE008_SE321,1
EE008,SE312,EE008_SE312,1
EE008,SE221,EE008_SE221,1
EE008,SE211,EE008_SE211,1
EE008,LT011,EE008_LT011,1
EE008,SE313,EE008_SE313,1
EE008,SE224,EE008_SE224,1
EE008,SE311,EE008_SE311,1
EE008,SE110,EE008_SE110,1
EE008,SE121,EE008_SE121,1
EE008,SE214,EE008_SE214,1
EE008,SE212,EE008_SE212,1
EE008,NO0A3,EE008_NO0A3,1
EE008,NO071,EE008_NO071,1
EE008,NO0B1,EE008_NO0B1,1
EE008,EE009,EE008_EE009,1
EE008,NO0B2,EE008_NO0B2,1
DK022,DK032,DK022_DK032,1
DK022,FI196,DK022_FI196,1
DK022,DK013,DK022_DK013,1
DK022,DK014,DK022_DK014,1
DK022,DK021,DK022_DK021,1
DK022,NO092,DK022_NO092,1
DK022,LV007,DK022_LV007,1
DK022,EE004,DK022_EE004,1
DK022,DK042,DK022_DK042,1
DK022,LT026,DK022_LT026,1
DK022,LT027,DK022_LT027,1
DK022,IS002,DK022_IS002,1
DK022,FI193,DK022_FI193,1
DK022,NO091,DK022_NO091,1
DK022,EE001,DK022_EE001,1
DK022,NO020,DK022_NO020,1
DK022,DK011,DK022_DK011,1
DK022,DK012,DK022_DK012,1
DK022,FI197,DK022_FI197,1
DK022,FI195,DK022_FI195,1
DK022,DK041,DK022_DK041,1
DK022,EE00A,DK022_EE00A,1
DK022,DK031,DK022_DK031,1
DK022,NO082,DK022_NO082,1
DK022,FI1B1,DK022_FI1B1,1
DK022,FI1C4,DK022_FI1C4,1
DK022,FI194,DK022_FI194,1
DK022,FI1C1,DK022_FI1C1,1
DK022,FI1D7,DK022_FI1D7,1
DK022,FI1D1,DK022_FI1D1,1
DK022,FI1D3,DK022_FI1D3,1
DK022,FI1D8,DK022_FI1D8,1
DK022,FI1D2,DK022_FI1D2,1
DK022,NO0A2,DK022_NO0A2,1
DK022,NO060,DK022_NO060,1
DK022,NO074,DK022_NO074,1
DK022,DK050,DK022_DK050,1
DK022,NO0A1,DK022_NO0A1,1
DK022,NO081,DK022_NO081,1
DK022,SE122,DK022_SE122,1
DK022,LV009,DK022_LV009,1
DK022,LT021,DK022_LT021,1
DK022,LT025,DK022_LT025,1
DK022,LV006,DK022_LV006,1
DK022,IS001,DK022_IS001,1
DK022,LV005,DK022_LV005,1
DK022,LV008,DK022_LV008,1
DK022,LT022,DK022_LT022,1
DK022,LV003,DK022_LV003,1
DK022,FI1D5,DK022_FI1D5,1
DK022,SE213,DK022_SE213,1
DK022,FI1D9,DK022_FI1D9,1
DK022,FI1C5,DK022_FI1C5,1
DK022,LT023,DK022_LT023,1
DK022,LT024,DK022_LT024,1
DK022,LT028,DK022_LT028,1
DK022,LT029,DK022_LT029,1
DK022,SE232,DK022_SE232,1
DK022,SE331,DK022_SE331,1
DK022,SE322,DK022_SE322,1
DK022,SE332,DK022_SE332,1
DK022,SE124,DK022_SE124,1
DK022,SE125,DK022_SE125,1
DK022,SE123,DK022_SE123,1
DK022,SE231,DK022_SE231,1
DK022,SE321,DK022_SE321,1
DK022,SE312,DK022_SE312,1
DK022,SE221,DK022_SE221,1
DK022,SE211,DK022_SE211,1
DK022,LT011,DK022_LT011,1
DK022,SE313,DK022_SE313,1
DK022,SE224,DK022_SE224,1
DK022,SE311,DK022_SE311,1
DK022,SE110,DK022_SE110,1
DK022,SE121,DK022_SE121,1
DK022,SE214,DK022_SE214,1
DK022,SE212,DK022_SE212,1
DK022,NO0A3,DK022_NO0A3,1
DK022,NO071,DK022_NO071,1
DK022,NO0B1,DK022_NO0B1,1
DK022,EE009,DK022_EE009,1
DK022,NO0B2,DK022_NO0B2,1
DK032,FI196,DK032_FI196,1
DK032,DK013,DK032_DK013,1
DK032,DK014,DK032_DK014,1
DK032,DK021,DK032_DK021,1
DK032,NO092,DK032_NO092,1
DK032,LV007,DK032_LV007,1
DK032,EE004,DK032_EE004,1
DK032,DK042,DK032_DK042,1
DK032,LT026,DK032_LT026,1
DK032,LT027,DK032_LT027,1
DK032,IS002,DK032_IS002,1
DK032,FI193,DK032_FI193,1
DK032,NO091,DK032_NO091,1
DK032,EE001,DK032_EE001,1
DK032,NO020,DK032_NO020,1
DK032,DK011,DK032_DK011,1
DK032,DK012,DK032_DK012,1
DK032,FI197,DK032_FI197,1
DK032,FI195,DK032_FI195,1
DK032,DK041,DK032_DK041,1
DK032,EE00A,DK032_EE00A,1
DK032,DK031,DK032_DK031,1
DK032,NO082,DK032_NO082,1
DK032,FI1B1,DK032_FI1B1,1
DK032,FI1C4,DK032_FI1C4,1
DK032,FI194,DK032_FI194,1
DK032,FI1C1,DK032_FI1C1,1
DK032,FI1D7,DK032_FI1D7,1
DK032,FI1D1,DK032_FI1D1,1
DK032,FI1D3,DK032_FI1D3,1
DK032,FI1D8,DK032_FI1D8,1
DK032,FI1D2,DK032_FI1D2,1
DK032,NO0A2,DK032_NO0A2,1
DK032,NO060,DK032_NO060,1
DK032,NO074,DK032_NO074,1
DK032,DK050,DK032_DK050,1
DK032,NO0A1,DK032_NO0A1,1
DK032,NO081,DK032_NO081,1
DK032,SE122,DK032_SE122,1
DK032,LV009,DK032_LV009,1
DK032,LT021,DK032_LT021,1
DK032,LT025,DK032_LT025,1
DK032,LV006,DK032_LV006,1
DK032,IS001,DK032_IS001,1
DK032,LV005,DK032_LV005,1
DK032,LV008,DK032_LV008,1
DK032,LT022,DK032_LT022,1
DK032,LV003,DK032_LV003,1
DK032,FI1D5,DK032_FI1D5,1
DK032,SE213,DK032_SE213,1
DK032,FI1D9,DK032_FI1D9,1
DK032,FI1C5,DK032_FI1C5,1
DK032,LT023,DK032_LT023,1
DK032,LT024,DK032_LT024,1
DK032,LT028,DK032_LT028,1
DK032,LT029,DK032_LT029,1
DK032,SE232,DK032_SE232,1
DK032,SE331,DK032_SE331,1
DK032,SE322,DK032_SE322,1
DK032,SE332,DK032_SE332,1
DK032,SE124,DK032_SE124,1
DK032,SE125,DK032_SE125,1
DK032,SE123,DK032_SE123,1
DK032,SE231,DK032_SE231,1
DK032,SE321,DK032_SE321,1
DK032,SE312,DK032_SE312,1
DK032,SE221,DK032_SE221,1
DK032,SE211,DK032_SE211,1
DK032,LT011,DK032_LT011,1
DK032,SE313,DK032_SE313,1
DK032,SE224,DK032_SE224,1
DK032,SE311,DK032_SE311,1
DK032,SE110,DK032_SE110,1
DK032,SE121,DK032_SE121,1
DK032,SE214,DK032_SE214,1
DK032,SE212,DK032_SE212,1
DK032,NO0A3,DK032_NO0A3,1
DK032,NO071,DK032_NO071,1
DK032,NO0B1,DK032_NO0B1,1
DK032,EE009,DK032_EE009,1
DK032,NO0B2,DK032_NO0B2,1
FI196,DK013,FI196_DK013,1
FI196,DK014,FI196_DK014,1
FI196,DK021,FI196_DK021,1
FI196,NO092,FI196_NO092,1
FI196,LV007,FI196_LV007,1
FI196,EE004,FI196_EE004,1
FI196,DK042,FI196_DK042,1
FI196,LT026,FI196_LT026,1
FI196,LT027,FI196_LT027,1
FI196,IS002,FI196_IS002,1
FI196,FI193,FI196_FI193,1
FI196,NO091,FI196_NO091,1
FI196,EE001,FI196_EE001,1
FI196,NO020,FI196_NO020,1
FI196,DK011,FI196_DK011,1
FI196,DK012,FI196_DK012,1
FI196,FI197,FI196_FI197,1
FI196,FI195,FI196_FI195,1
FI196,DK041,FI196_DK041,1
FI196,EE00A,FI196_EE00A,1
FI196,DK031,FI196_DK031,1
FI196,NO082,FI196_NO082,1
FI196,FI1B1,FI196_FI1B1,1
FI196,FI1C4,FI196_FI1C4,1
FI196,FI194,FI196_FI194,1
FI196,FI1C1,FI196_FI1C1,1
FI196,FI1D7,FI196_FI1D7,1
FI196,FI1D1,FI196_FI1D1,1
FI196,FI1D3,FI196_FI1D3,1
FI196,FI1D8,FI196_FI1D8,1
FI196,FI1D2,FI196_FI1D2,1
FI196,NO0A2,FI196_NO0A2,1
FI196,NO060,FI196_NO060,1
FI196,NO074,FI196_NO074,1
FI196,DK050,FI196_DK050,1
FI196,NO0A1,FI196_NO0A1,1
FI196,NO081,FI196_NO081,1
FI196,SE122,FI196_SE122,1
FI196,LV009,FI196_LV009,1
FI196,LT021,FI196_LT021,1
FI196,LT025,FI196_LT025,1
FI196,LV006,FI196_LV006,1
FI196,IS001,FI196_IS001,1
FI196,LV005,FI196_LV005,1
FI196,LV008,FI196_LV008,1
FI196,LT022,FI196_LT022,1
FI196,LV003,FI196_LV003,1
FI196,FI1D5,FI196_FI1D5,1
FI196,SE213,FI196_SE213,1
FI196,FI1D9,FI196_FI1D9,1
FI196,FI1C5,FI196_FI1C5,1
FI196,LT023,FI196_LT023,1
FI196,LT024,FI196_LT024,1
FI196,LT028,FI196_LT028,1
FI196,LT029,FI196_LT029,1
FI196,SE232,FI196_SE232,1
FI196,SE331,FI196_SE331,1
FI196,SE322,FI196_SE322,1
FI196,SE332,FI196_SE332,1
FI196,SE124,FI196_SE124,1
FI196,SE125,FI196_SE125,1
FI196,SE123,FI196_SE123,1
FI196,SE231,FI196_SE231,1
FI196,SE321,FI196_SE321,1
FI196,SE312,FI196_SE312,1
FI196,SE221,FI196_SE221,1
FI196,SE211,FI196_SE211,1
FI196,LT011,FI196_LT011,1
FI196,SE313,FI196_SE313,1
FI196,SE224,FI196_SE224,1
FI196,SE311,FI196_SE311,1
FI196,SE110,FI196_SE110,1
FI196,SE121,FI196_SE121,1
FI196,SE214,FI196_SE214,1
FI196,SE212,FI196_SE212,1
FI196,NO0A3,FI196_NO0A3,1
FI196,NO071,FI196_NO071,1
FI196,NO0B1,FI196_NO0B1,1
FI196,EE009,FI196_EE009,1
FI196,NO0B2,FI196_NO0B2,1
DK013,DK014,DK013_DK014,1
DK013,DK021,DK013_DK021,1
DK013,NO092,DK013_NO092,1
DK013,LV007,DK013_LV007,1
DK013,EE004,DK013_EE004,1
DK013,DK042,DK013_DK042,1
DK013,LT026,DK013_LT026,1
DK013,LT027,DK013_LT027,1
DK013,IS002,DK013_IS002,1
DK013,FI193,DK013_FI193,1
DK013,NO091,DK013_NO091,1
DK013,EE001,DK013_EE001,1
DK013,NO020,DK013_NO020,1
DK013,DK011,DK013_DK011,1
DK013,DK012,DK013_DK012,1
DK013,FI197,DK013_FI197,1
DK013,FI195,DK013_FI195,1
DK013,DK041,DK013_DK041,1
DK013,EE00A,DK013_EE00A,1
DK013,DK031,DK013_DK031,1
DK013,NO082,DK013_NO082,1
DK013,FI1B1,DK013_FI1B1,1
DK013,FI1C4,DK013_FI1C4,1
DK013,FI194,DK013_FI194,1
DK013,FI1C1,DK013_FI1C1,1
DK013,FI1D7,DK013_FI1D7,1
DK013,FI1D1,DK013_FI1D1,1
DK013,FI1D3,DK013_FI1D3,1
DK013,FI1D8,DK013_FI1D8,1
DK013,FI1D2,DK013_FI1D2,1
DK013,NO0A2,DK013_NO0A2,1
DK013,NO060,DK013_NO060,1
DK013,NO074,DK013_NO074,1
DK013,DK050,DK013_DK050,1
DK013,NO0A1,DK013_NO0A1,1
DK013,NO081,DK013_NO081,1
DK013,SE122,DK013_SE122,1
DK013,LV009,DK013_LV009,1
DK013,LT021,DK013_LT021,1
DK013,LT025,DK013_LT025,1
DK013,LV006,DK013_LV006,1
DK013,IS001,DK013_IS001,1
DK013,LV005,DK013_LV005,1
DK013,LV008,DK013_LV008,1
DK013,LT022,DK013_LT022,1
DK013,LV003,DK013_LV003,1
DK013,FI1D5,DK013_FI1D5,1
DK013,SE213,DK013_SE213,1
DK013,FI1D9,DK013_FI1D9,1
DK013,FI1C5,DK013_FI1C5,1
DK013,LT023,DK013_LT023,1
DK013,LT024,DK013_LT024,1
DK013,LT028,DK013_LT028,1
DK013,LT029,DK013_LT029,1
DK013,SE232,DK013_SE232,1
DK013,SE331,DK013_SE331,1
DK013,SE322,DK013_SE322,1
DK013,SE332,DK013_SE332,1
DK013,SE124,DK013_SE124,1
DK013,SE125,DK013_SE125,1
DK013,SE123,DK013_SE123,1
DK013,SE231,DK013_SE231,1
DK013,SE321,DK013_SE321,1
DK013,SE312,DK013_SE312,1
DK013,SE221,DK013_SE221,1
DK013,SE211,DK013_SE211,1
DK013,LT011,DK013_LT011,1
DK013,SE313,DK013_SE313,1
DK013,SE224,DK013_SE224,1
DK013,SE311,DK013_SE311,1
DK013,SE110,DK013_SE110,1
DK013,SE121,DK013_SE121,1
DK013,SE214,DK013_SE214,1
DK013,SE212,DK013_SE212,1
DK013,NO0A3,DK013_NO0A3,1
DK013,NO071,DK013_NO071,1
DK013,NO0B1,DK013_NO0B1,1
DK013,EE009,DK013_EE009,1
DK013,NO0B2,DK013_NO0B2,1
DK014,DK021,DK014_DK021,1
DK014,NO092,DK014_NO092,1
DK014,LV007,DK014_LV007,1
DK014,EE004,DK014_EE004,1
DK014,DK042,DK014_DK042,1
DK014,LT026,DK014_LT026,1
DK014,LT027,DK014_LT027,1
DK014,IS002,DK014_IS002,1
DK014,FI193,DK014_FI193,1
DK014,NO091,DK014_NO091,1
DK014,EE001,DK014_EE001,1
DK014,NO020,DK014_NO020,1
DK014,DK011,DK014_DK011,1
DK014,DK012,DK014_DK012,1
DK014,FI197,DK014_FI197,1
DK014,FI195,DK014_FI195,1
DK014,DK041,DK014_DK041,1
DK014,EE00A,DK014_EE00A,1
DK014,DK031,DK014_DK031,1
DK014,NO082,DK014_NO082,1
DK014,FI1B1,DK014_FI1B1,1
DK014,FI1C4,DK014_FI1C4,1
DK014,FI194,DK014_FI194,1
DK014,FI1C1,DK014_FI1C1,1
DK014,FI1D7,DK014_FI1D7,1
DK014,FI1D1,DK014_FI1D1,1
DK014,FI1D3,DK014_FI1D3,1
DK014,FI1D8,DK014_FI1D8,1
DK014,FI1D2,DK014_FI1D2,1
DK014,NO0A2,DK014_NO0A2,1
DK014,NO060,DK014_NO060,1
DK014,NO074,DK014_NO074,1
DK014,DK050,DK014_DK050,1
DK014,NO0A1,DK014_NO0A1,1
DK014,NO081,DK014_NO081,1
DK014,SE122,DK014_SE122,1
DK014,LV009,DK014_LV009,1
DK014,LT021,DK014_LT021,1
DK014,LT025,DK014_LT025,1
DK014,LV006,DK014_LV006,1
DK014,IS001,DK014_IS001,1
DK014,LV005,DK014_LV005,1
DK014,LV008,DK014_LV008,1
DK014,LT022,DK014_LT022,1
DK014,LV003,DK014_LV003,1
DK014,FI1D5,DK014_FI1D5,1
DK014,SE213,DK014_SE213,1
DK014,FI1D9,DK014_FI1D9,1
DK014,FI1C5,DK014_FI1C5,1
DK014,LT023,DK014_LT023,1
DK014,LT024,DK014_LT024,1
DK014,LT028,DK014_LT028,1
DK014,LT029,DK014_LT029,1
DK014,SE232,DK014_SE232,1
DK014,SE331,DK014_SE331,1
DK014,SE322,DK014_SE322,1
DK014,SE332,DK014_SE332,1
DK014,SE124,DK014_SE124,1
DK014,SE125,DK014_SE125,1
DK014,SE123,DK014_SE123,1
DK014,SE231,DK014_SE231,1
DK014,SE321,DK014_SE321,1
DK014,SE312,DK014_SE312,1
DK014,SE221,DK014_SE221,1
DK014,SE211,DK014_SE211,1
DK014,LT011,DK014_LT011,1
DK014,SE313,DK014_SE313,1
DK014,SE224,DK014_SE224,1
DK014,SE311,DK014_SE311,1
DK014,SE110,DK014_SE110,1
DK014,SE121,DK014_SE121,1
DK014,SE214,DK014_SE214,1
DK014,SE212,DK014_SE212,1
DK014,NO0A3,DK014_NO0A3,1
DK014,NO071,DK014_NO071,1
DK014,NO0B1,DK014_NO0B1,1
DK014,EE009,DK014_EE009,1
DK014,NO0B2,DK014_NO0B2,1
DK021,NO092,DK021_NO092,1
DK021,LV007,DK021_LV007,1
DK021,EE004,DK021_EE004,1
DK021,DK042,DK021_DK042,1
DK021,LT026,DK021_LT026,1
DK021,LT027,DK021_LT027,1
DK021,IS002,DK021_IS002,1
DK021,FI193,DK021_FI193,1
DK021,NO091,DK021_NO091,1
DK021,EE001,DK021_EE001,1
DK021,NO020,DK021_NO020,1
DK021,DK011,DK021_DK011,1
DK021,DK012,DK021_DK012,1
DK021,FI197,DK021_FI197,1
DK021,FI195,DK021_FI195,1
DK021,DK041,DK021_DK041,1
DK021,EE00A,DK021_EE00A,1
DK021,DK031,DK021_DK031,1
DK021,NO082,DK021_NO082,1
DK021,FI1B1,DK021_FI1B1,1
DK021,FI1C4,DK021_FI1C4,1
DK021,FI194,DK021_FI194,1
DK021,FI1C1,DK021_FI1C1,1
DK021,FI1D7,DK021_FI1D7,1
DK021,FI1D1,DK021_FI1D1,1
DK021,FI1D3,DK021_FI1D3,1
DK021,FI1D8,DK021_FI1D8,1
DK021,FI1D2,DK021_FI1D2,1
DK021,NO0A2,DK021_NO0A2,1
DK021,NO060,DK021_NO060,1
DK021,NO074,DK021_NO074,1
DK021,DK050,DK021_DK050,1
DK021,NO0A1,DK021_NO0A1,1
DK021,NO081,DK021_NO081,1
DK021,SE122,DK021_SE122,1
DK021,LV009,DK021_LV009,1
DK021,LT021,DK021_LT021,1
DK021,LT025,DK021_LT025,1
DK021,LV006,DK021_LV006,1
DK021,IS001,DK021_IS001,1
DK021,LV005,DK021_LV005,1
DK021,LV008,DK021_LV008,1
DK021,LT022,DK021_LT022,1
DK021,LV003,DK021_LV003,1
DK021,FI1D5,DK021_FI1D5,1
DK021,SE213,DK021_SE213,1
DK021,FI1D9,DK021_FI1D9,1
DK021,FI1C5,DK021_FI1C5,1
DK021,LT023,DK021_LT023,1
DK021,LT024,DK021_LT024,1
DK021,LT028,DK021_LT028,1
DK021,LT029,DK021_LT029,1
DK021,SE232,DK021_SE232,1
DK021,SE331,DK021_SE331,1
DK021,SE322,DK021_SE322,1
DK021,SE332,DK021_SE332,1
DK021,SE124,DK021_SE124,1
DK021,SE125,DK021_SE125,1
DK021,SE123,DK021_SE123,1
DK021,SE231,DK021_SE231,1
DK021,SE321,DK021_SE321,1
DK021,SE312,DK021_SE312,1
DK021,SE221,DK021_SE221,1
DK021,SE211,DK021_SE211,1
DK021,LT011,DK021_LT011,1
DK021,SE313,DK021_SE313,1
DK021,SE224,DK021_SE224,1
DK021,SE311,DK021_SE311,1
DK021,SE110,DK021_SE110,1
DK021,SE121,DK021_SE121,1
DK021,SE214,DK021_SE214,1
DK021,SE212,DK021_SE212,1
DK021,NO0A3,DK021_NO0A3,1
DK021,NO071,DK021_NO071,1
DK021,NO0B1,DK021_NO0B1,1
DK021,EE009,DK021_EE009,1
DK021,NO0B2,DK021_NO0B2,1
NO092,LV007,NO092_LV007,1
NO092,EE004,NO092_EE004,1
NO092,DK042,NO092_DK042,1
NO092,LT026,NO092_LT026,1
NO092,LT027,NO092_LT027,1
NO092,IS002,NO092_IS002,1
NO092,FI193,NO092_FI193,1
NO092,NO091,NO092_NO091,1
NO092,EE001,NO092_EE001,1
NO092,NO020,NO092_NO020,1
NO092,DK011,NO092_DK011,1
NO092,DK012,NO092_DK012,1
NO092,FI197,NO092_FI197,1
NO092,FI195,NO092_FI195,1
NO092,DK041,NO092_DK041,1
NO092,EE00A,NO092_EE00A,1
NO092,DK031,NO092_DK031,1
NO092,NO082,NO092_NO082,1
NO092,FI1B1,NO092_FI1B1,1
NO092,FI1C4,NO092_FI1C4,1
NO092,FI194,NO092_FI194,1
NO092,FI1C1,NO092_FI1C1,1
NO092,FI1D7,NO092_FI1D7,1
NO092,FI1D1,NO092_FI1D1,1
NO092,FI1D3,NO092_FI1D3,1
NO092,FI1D8,NO092_FI1D8,1
NO092,FI1D2,NO092_FI1D2,1
NO092,NO0A2,NO092_NO0A2,1
NO092,NO060,NO092_NO060,1
NO092,NO074,NO092_NO074,1
NO092,DK050,NO092_DK050,1
NO092,NO0A1,NO092_NO0A1,1
NO092,NO081,NO092_NO081,1
NO092,SE122,NO092_SE122,1
NO092,LV009,NO092_LV009,1
NO092,LT021,NO092_LT021,1
NO092,LT025,NO092_LT025,1
NO092,LV006,NO092_LV006,1
NO092,IS001,NO092_IS001,1
NO092,LV005,NO092_LV005,1
NO092,LV008,NO092_LV008,1
NO092,LT022,NO092_LT022,1
NO092,LV003,NO092_LV003,1
NO092,FI1D5,NO092_FI1D5,1
NO092,SE213,NO092_SE213,1
NO092,FI1D9,NO092_FI1D9,1
NO092,FI1C5,NO092_FI1C5,1
NO092,LT023,NO092_LT023,1
NO092,LT024,NO092_LT024,1
NO092,LT028,NO092_LT028,1
NO092,LT029,NO092_LT029,1
NO092,SE232,NO092_SE232,1
NO092,SE331,NO092_SE331,1
NO092,SE322,NO092_SE322,1
NO092,SE332,NO092_SE332,1
NO092,SE124,NO092_SE124,1
NO092,SE125,NO092_SE125,1
NO092,SE123,NO092_SE123,1
NO092,SE231,NO092_SE231,1
NO092,SE321,NO092_SE321,1
NO092,SE312,NO092_SE312,1
NO092,SE221,NO092_SE221,1
NO092,SE211,NO092_SE211,1
NO092,LT011,NO092_LT011,1
NO092,SE313,NO092_SE313,1
NO092,SE224,NO092_SE224,1
NO092,SE311,NO092_SE311,1
NO092,SE110,NO092_SE110,1
NO092,SE121,NO092_SE121,1
NO092,SE214,NO092_SE214,1
NO092,SE212,NO092_SE212,1
NO092,NO0A3,NO092_NO0A3,1
NO092,NO071,NO092_NO071,1
NO092,NO0B1,NO092_NO0B1,1
NO092,EE009,NO092_EE009,1
NO092,NO0B2,NO092_NO0B2,1
LV007,EE004,LV007_EE004,1
LV007,DK042,LV007_DK042,1
LV007,LT026,LV007_LT026,1
LV007,LT027,LV007_LT027,1
LV007,IS002,LV007_IS002,1
LV007,FI193,LV007_FI193,1
LV007,NO091,LV007_NO091,1
LV007,EE001,LV007_EE001,1
LV007,NO020,LV007_NO020,1
LV007,DK011,LV007_DK011,1
LV007,DK012,LV007_DK012,1
LV007,FI197,LV007_FI197,1
LV007,FI195,LV007_FI195,1
LV007,DK041,LV007_DK041,1
LV007,EE00A,LV007_EE00A,1
LV007,DK031,LV007_DK031,1
LV007,NO082,LV007_NO082,1
LV007,FI1B1,LV007_FI1B1,1
LV007,FI1C4,LV007_FI1C4,1
LV007,FI194,LV007_FI194,1
LV007,FI1C1,LV007_FI1C1,1
LV007,FI1D7,LV007_FI1D7,1
LV007,FI1D1,LV007_FI1D1,1
LV007,FI1D3,LV007_FI1D3,1
LV007,FI1D8,LV007_FI1D8,1
LV007,FI1D2,LV007_FI1D2,1
LV007,NO0A2,LV007_NO0A2,1
LV007,NO060,LV007_NO060,1
LV007,NO074,LV007_NO074,1
LV007,DK050,LV007_DK050,1
LV007,NO0A1,LV007_NO0A1,1
LV007,NO081,LV007_NO081,1
LV007,SE122,LV007_SE122,1
LV007,LV009,LV007_LV009,1
LV007,LT021,LV007_LT021,1
LV007,LT025,LV007_LT025,1
LV007,LV006,LV007_LV006,1
LV007,IS001,LV007_IS001,1
LV007,LV005,LV007_LV005,1
LV007,LV008,LV007_LV008,1
LV007,LT022,LV007_LT022,1
LV007,LV003,LV007_LV003,1
LV007,FI1D5,LV007_FI1D5,1
LV007,SE213,LV007_SE213,1
LV007,FI1D9,LV007_FI1D9,1
LV007,FI1C5,LV007_FI1C5,1
LV007,LT023,LV007_LT023,1
LV007,LT024,LV007_LT024,1
LV007,LT028,LV007_LT028,1
LV007,LT029,LV007_LT029,1
LV007,SE232,LV007_SE232,1
LV007,SE331,LV007_SE331,1
LV007,SE322,LV007_SE322,1
LV007,SE332,LV007_SE332,1
LV007,SE124,LV007_SE124,1
LV007,SE125,LV007_SE125,1
LV007,SE123,LV007_SE123,1
LV007,SE231,LV007_SE231,1
LV007,SE321,LV007_SE321,1
LV007,SE312,LV007_SE312,1
LV007,SE221,LV007_SE221,1
LV007,SE211,LV007_SE211,1
LV007,LT011,LV007_LT011,1
LV007,SE313,LV007_SE313,1
LV007,SE224,LV007_SE224,1
LV007,SE311,LV007_SE311,1
LV007,SE110,LV007_SE110,1
LV007,SE121,LV007_SE121,1
LV007,SE214,LV007_SE214,1
LV007,SE212,LV007_SE212,1
LV007,NO0A3,LV007_NO0A3,1
LV007,NO071,LV007_NO071,1
LV007,NO0B1,LV007_NO0B1,1
LV007,EE009,LV007_EE009,1
LV007,NO0B2,LV007_NO0B2,1
EE004,DK042,EE004_DK042,1
EE004,LT026,EE004_LT026,1
EE004,LT027,EE004_LT027,1
EE004,IS002,EE004_IS002,1
EE004,FI193,EE004_FI193,1
EE004,NO091,EE004_NO091,1
EE004,EE001,EE004_EE001,1
EE004,NO020,EE004_NO020,1
EE004,DK011,EE004_DK011,1
EE004,DK012,EE004_DK012,1
EE004,FI197,EE004_FI197,1
EE004,FI195,EE004_FI195,1
EE004,DK041,EE004_DK041,1
EE004,EE00A,EE004_EE00A,1
EE004,DK031,EE004_DK031,1
EE004,NO082,EE004_NO082,1
EE004,FI1B1,EE004_FI1B1,1
EE004,FI1C4,EE004_FI1C4,1
EE004,FI194,EE004_FI194,1
EE004,FI1C1,EE004_FI1C1,1
EE004,FI1D7,EE004_FI1D7,1
EE004,FI1D1,EE004_FI1D1,1
EE004,FI1D3,EE004_FI1D3,1
EE004,FI1D8,EE004_FI1D8,1
EE004,FI1D2,EE004_FI1D2,1
EE004,NO0A2,EE004_NO0A2,1
EE004,NO060,EE004_NO060,1
EE004,NO074,EE004_NO074,1
EE004,DK050,EE004_DK050,1
EE004,NO0A1,EE004_NO0A1,1
EE004,NO081,EE004_NO081,1
EE004,SE122,EE004_SE122,1
EE004,LV009,EE004_LV009,1
EE004,LT021,EE004_LT021,1
EE004,LT025,EE004_LT025,1
EE004,LV006,EE004_LV006,1
EE004,IS001,EE004_IS001,1
EE004,LV005,EE004_LV005,1
EE004,LV008,EE004_LV008,1
EE004,LT022,EE004_LT022,1
EE004,LV003,EE004_LV003,1
EE004,FI1D5,EE004_FI1D5,1
EE004,SE213,EE004_SE213,1
EE004,FI1D9,EE004_FI1D9,1
EE004,FI1C5,EE004_FI1C5,1
EE004,LT023,EE004_LT023,1
EE004,LT024,EE004_LT024,1
EE004,LT028,EE004_LT028,1
EE004,LT029,EE004_LT029,1
EE004,SE232,EE004_SE232,1
EE004,SE331,EE004_SE331,1
EE004,SE322,EE004_SE322,1
EE004,SE332,EE004_SE332,1
EE004,SE124,EE004_SE124,1
EE004,SE125,EE004_SE125,1
EE004,SE123,EE004_SE123,1
EE004,SE231,EE004_SE231,1
EE004,SE321,EE004_SE321,1
EE004,SE312,EE004_SE312,1
EE004,SE221,EE004_SE221,1
EE004,SE211,EE004_SE211,1
EE004,LT011,EE004_LT011,1
EE004,SE313,EE004_SE313,1
EE004,SE224,EE004_SE224,1
EE004,SE311,EE004_SE311,1
EE004,SE110,EE004_SE110,1
EE004,SE121,EE004_SE121,1
EE004,SE214,EE004_SE214,1
EE004,SE212,EE004_SE212,1
EE004,NO0A3,EE004_NO0A3,1
EE004,NO071,EE004_NO071,1
EE004,NO0B1,EE004_NO0B1,1
EE004,EE009,EE004_EE009,1
EE004,NO0B2,EE004_NO0B2,1
DK042,LT026,DK042_LT026,1
DK042,LT027,DK042_LT027,1
DK042,IS002,DK042_IS002,1
DK042,FI193,DK042_FI193,1
DK042,NO091,DK042_NO091,1
DK042,EE001,DK042_EE001,1
DK042,NO020,DK042_NO020,1
DK042,DK011,DK042_DK011,1
DK042,DK012,DK042_DK012,1
DK042,FI197,DK042_FI197,1
DK042,FI195,DK042_FI195,1
DK042,DK041,DK042_DK041,1
DK042,EE00A,DK042_EE00A,1
DK042,DK031,DK042_DK031,1
DK042,NO082,DK042_NO082,1
DK042,FI1B1,DK042_FI1B1,1
DK042,FI1C4,DK042_FI1C4,1
DK042,FI194,DK042_FI194,1
DK042,FI1C1,DK042_FI1C1,1
DK042,FI1D7,DK042_FI1D7,1
DK042,FI1D1,DK042_FI1D1,1
DK042,FI1D3,DK042_FI1D3,1
DK042,FI1D8,DK042_FI1D8,1
DK042,FI1D2,DK042_FI1D2,1
DK042,NO0A2,DK042_NO0A2,1
DK042,NO060,DK042_NO060,1
DK042,NO074,DK042_NO074,1
DK042,DK050,DK042_DK050,1
DK042,NO0A1,DK042_NO0A1,1
DK042,NO081,DK042_NO081,1
DK042,SE122,DK042_SE122,1
DK042,LV009,DK042_LV009,1
DK042,LT021,DK042_LT021,1
DK042,LT025,DK042_LT025,1
DK042,LV006,DK042_LV006,1
DK042,IS001,DK042_IS001,1
DK042,LV005,DK042_LV005,1
DK042,LV008,DK042_LV008,1
DK042,LT022,DK042_LT022,1
DK042,LV003,DK042_LV003,1
DK042,FI1D5,DK042_FI1D5,1
DK042,SE213,DK042_SE213,1
DK042,FI1D9,DK042_FI1D9,1
DK042,FI1C5,DK042_FI1C5,1
DK042,LT023,DK042_LT023,1
DK042,LT024,DK042_LT024,1
DK042,LT028,DK042_LT028,1
DK042,LT029,DK042_LT029,1
DK042,SE232,DK042_SE232,1
DK042,SE331,DK042_SE331,1
DK042,SE322,DK042_SE322,1
DK042,SE332,DK042_SE332,1
DK042,SE124,DK042_SE124,1
DK042,SE125,DK042_SE125,1
DK042,SE123,DK042_SE123,1
DK042,SE231,DK042_SE231,1
DK042,SE321,DK042_SE321,1
DK042,SE312,DK042_SE312,1
DK042,SE221,DK042_SE221,1
DK042,SE211,DK042_SE211,1
DK042,LT011,DK042_LT011,1
DK042,SE313,DK042_SE313,1
DK042,SE224,DK042_SE224,1
DK042,SE311,DK042_SE311,1
DK042,SE110,DK042_SE110,1
DK042,SE121,DK042_SE121,1
DK042,SE214,DK042_SE214,1
DK042,SE212,DK042_SE212,1
DK042,NO0A3,DK042_NO0A3,1
DK042,NO071,DK042_NO071,1
DK042,NO0B1,DK042_NO0B1,1
DK042,EE009,DK042_EE009,1
DK042,NO0B2,DK042_NO0B2,1
LT026,LT027,LT026_LT027,1
LT026,IS002,LT026_IS002,1
LT026,FI193,LT026_FI193,1
LT026,NO091,LT026_NO091,1
LT026,EE001,LT026_EE001,1
LT026,NO020,LT026_NO020,1
LT026,DK011,LT026_DK011,1
LT026,DK012,LT026_DK012,1
LT026,FI197,LT026_FI197,1
LT026,FI195,LT026_FI195,1
LT026,DK041,LT026_DK041,1
LT026,EE00A,LT026_EE00A,1
LT026,DK031,LT026_DK031,1
LT026,NO082,LT026_NO082,1
LT026,FI1B1,LT026_FI1B1,1
LT026,FI1C4,LT026_FI1C4,1
LT026,FI194,LT026_FI194,1
LT026,FI1C1,LT026_FI1C1,1
LT026,FI1D7,LT026_FI1D7,1
LT026,FI1D1,LT026_FI1D1,1
LT026,FI1D3,LT026_FI1D3,1
LT026,FI1D8,LT026_FI1D8,1
LT026,FI1D2,LT026_FI1D2,1
LT026,NO0A2,LT026_NO0A2,1
LT026,NO060,LT026_NO060,1
LT026,NO074,LT026_NO074,1
LT026,DK050,LT026_DK050,1
LT026,NO0A1,LT026_NO0A1,1
LT026,NO081,LT026_NO081,1
LT026,SE122,LT026_SE122,1
LT026,LV009,LT026_LV009,1
LT026,LT021,LT026_LT021,1
LT026,LT025,LT026_LT025,1
LT026,LV006,LT026_LV006,1
LT026,IS001,LT026_IS001,1
LT026,LV005,LT026_LV005,1
LT026,LV008,LT026_LV008,1
LT026,LT022,LT026_LT022,1
LT026,LV003,LT026_LV003,1
LT026,FI1D5,LT026_FI1D5,1
LT026,SE213,LT026_SE213,1
LT026,FI1D9,LT026_FI1D9,1
LT026,FI1C5,LT026_FI1C5,1
LT026,LT023,LT026_LT023,1
LT026,LT024,LT026_LT024,1
LT026,LT028,LT026_LT028,1
LT026,LT029,LT026_LT029,1
LT026,SE232,LT026_SE232,1
LT026,SE331,LT026_SE331,1
LT026,SE322,LT026_SE322,1
LT026,SE332,LT026_SE332,1
LT026,SE124,LT026_SE124,1
LT026,SE125,LT026_SE125,1
LT026,SE123,LT026_SE123,1
LT026,SE231,LT026_SE231,1
LT026,SE321,LT026_SE321,1
LT026,SE312,LT026_SE312,1
LT026,SE221,LT026_SE221,1
LT026,SE211,LT026_SE211,1
LT026,LT011,LT026_LT011,1
LT026,SE313,LT026_SE313,1
LT026,SE224,LT026_SE224,1
LT026,SE311,LT026_SE311,1
LT026,SE110,LT026_SE110,1
LT026,SE121,LT026_SE121,1
LT026,SE214,LT026_SE214,1
LT026,SE212,LT026_SE212,1
LT026,NO0A3,LT026_NO0A3,1
LT026,NO071,LT026_NO071,1
LT026,NO0B1,LT026_NO0B1,1
LT026,EE009,LT026_EE009,1
LT026,NO0B2,LT026_NO0B2,1
LT027,IS002,LT027_IS002,1
LT027,FI193,LT027_FI193,1
LT027,NO091,LT027_NO091,1
LT027,EE001,LT027_EE001,1
LT027,NO020,LT027_NO020,1
LT027,DK011,LT027_DK011,1
LT027,DK012,LT027_DK012,1
LT027,FI197,LT027_FI197,1
LT027,FI195,LT027_FI195,1
LT027,DK041,LT027_DK041,1
LT027,EE00A,LT027_EE00A,1
LT027,DK031,LT027_DK031,1
LT027,NO082,LT027_NO082,1
LT027,FI1B1,LT027_FI1B1,1
LT027,FI1C4,LT027_FI1C4,1
LT027,FI194,LT027_FI194,1
LT027,FI1C1,LT027_FI1C1,1
LT027,FI1D7,LT027_FI1D7,1
LT027,FI1D1,LT027_FI1D1,1
LT027,FI1D3,LT027_FI1D3,1
LT027,FI1D8,LT027_FI1D8,1
LT027,FI1D2,LT027_FI1D2,1
LT027,NO0A2,LT027_NO0A2,1
LT027,NO060,LT027_NO060,1
LT027,NO074,LT027_NO074,1
LT027,DK050,LT027_DK050,1
LT027,NO0A1,LT027_NO0A1,1
LT027,NO081,LT027_NO081,1
LT027,SE122,LT027_SE122,1
LT027,LV009,LT027_LV009,1
LT027,LT021,LT027_LT021,1
LT027,LT025,LT027_LT025,1
LT027,LV006,LT027_LV006,1
LT027,IS001,LT027_IS001,1
LT027,LV005,LT027_LV005,1
LT027,LV008,LT027_LV008,1
LT027,LT022,LT027_LT022,1
LT027,LV003,LT027_LV003,1
LT027,FI1D5,LT027_FI1D5,1
LT027,SE213,LT027_SE213,1
LT027,FI1D9,LT027_FI1D9,1
LT027,FI1C5,LT027_FI1C5,1
LT027,LT023,LT027_LT023,1
LT027,LT024,LT027_LT024,1
LT027,LT028,LT027_LT028,1
LT027,LT029,LT027_LT029,1
LT027,SE232,LT027_SE232,1
LT027,SE331,LT027_SE331,1
LT027,SE322,LT027_SE322,1
LT027,SE332,LT027_SE332,1
LT027,SE124,LT027_SE124,1
LT027,SE125,LT027_SE125,1
LT027,SE123,LT027_SE123,1
LT027,SE231,LT027_SE231,1
LT027,SE321,LT027_SE321,1
LT027,SE312,LT027_SE312,1
LT027,SE221,LT027_SE221,1
LT027,SE211,LT027_SE211,1
LT027,LT011,LT027_LT011,1
LT027,SE313,LT027_SE313,1
LT027,SE224,LT027_SE224,1
LT027,SE311,LT027_SE311,1
LT027,SE110,LT027_SE110,1
LT027,SE121,LT027_SE121,1
LT027,SE214,LT027_SE214,1
LT027,SE212,LT027_SE212,1
LT027,NO0A3,LT027_NO0A3,1
LT027,NO071,LT027_NO071,1
LT027,NO0B1,LT027_NO0B1,1
LT027,EE009,LT027_EE009,1
LT027,NO0B2,LT027_NO0B2,1
IS002,FI193,IS002_FI193,1
IS002,NO091,IS002_NO091,1
IS002,EE001,IS002_EE001,1
IS002,NO020,IS002_NO020,1
IS002,DK011,IS002_DK011,1
IS002,DK012,IS002_DK012,1
IS002,FI197,IS002_FI197,1
IS002,FI195,IS002_FI195,1
IS002,DK041,IS002_DK041,1
IS002,EE00A,IS002_EE00A,1
IS002,DK031,IS002_DK031,1
IS002,NO082,IS002_NO082,1
IS002,FI1B1,IS002_FI1B1,1
IS002,FI1C4,IS002_FI1C4,1
IS002,FI194,IS002_FI194,1
IS002,FI1C1,IS002_FI1C1,1
IS002,FI1D7,IS002_FI1D7,1
IS002,FI1D1,IS002_FI1D1,1
IS002,FI1D3,IS002_FI1D3,1
IS002,FI1D8,IS002_FI1D8,1
IS002,FI1D2,IS002_FI1D2,1
IS002,NO0A2,IS002_NO0A2,1
IS002,NO060,IS002_NO060,1
IS002,NO074,IS002_NO074,1
IS002,DK050,IS002_DK050,1
IS002,NO0A1,IS002_NO0A1,1
IS002,NO081,IS002_NO081,1
IS002,SE122,IS002_SE122,1
IS002,LV009,IS002_LV009,1
IS002,LT021,IS002_LT021,1
IS002,LT025,IS002_LT025,1
IS002,LV006,IS002_LV006,1
IS002,IS001,IS002_IS001,1
IS002,LV005,IS002_LV005,1
IS002,LV008,IS002_LV008,1
IS002,LT022,IS002_LT022,1
IS002,LV003,IS002_LV003,1
IS002,FI1D5,IS002_FI1D5,1
IS002,SE213,IS002_SE213,1
IS002,FI1D9,IS002_FI1D9,1
IS002,FI1C5,IS002_FI1C5,1
IS002,LT023,IS002_LT023,1
IS002,LT024,IS002_LT024,1
IS002,LT028,IS002_LT028,1
IS002,LT029,IS002_LT029,1
IS002,SE232,IS002_SE232,1
IS002,SE331,IS002_SE331,1
IS002,SE322,IS002_SE322,1
IS002,SE332,IS002_SE332,1
IS002,SE124,IS002_SE124,1
IS002,SE125,IS002_SE125,1
IS002,SE123,IS002_SE123,1
IS002,SE231,IS002_SE231,1
IS002,SE321,IS002_SE321,1
IS002,SE312,IS002_SE312,1
IS002,SE221,IS002_SE221,1
IS002,SE211,IS002_SE211,1
IS002,LT011,IS002_LT011,1
IS002,SE313,IS002_SE313,1
IS002,SE224,IS002_SE224,1
IS002,SE311,IS002_SE311,1
IS002,SE110,IS002_SE110,1
IS002,SE121,IS002_SE121,1
IS002,SE214,IS002_SE214,1
IS002,SE212,IS002_SE212,1
IS002,NO0A3,IS002_NO0A3,1
IS002,NO071,IS002_NO071,1
IS002,NO0B1,IS002_NO0B1,1
IS002,EE009,IS002_EE009,1
IS002,NO0B2,IS002_NO0B2,1
FI193,NO091,FI193_NO091,1
FI193,EE001,FI193_EE001,1
FI193,NO020,FI193_NO020,1
FI193,DK011,FI193_DK011,1
FI193,DK012,FI193_DK012,1
FI193,FI197,FI193_FI197,1
FI193,FI195,FI193_FI195,1
FI193,DK041,FI193_DK041,1
FI193,EE00A,FI193_EE00A,1
FI193,DK031,FI193_DK031,1
FI193,NO082,FI193_NO082,1
FI193,FI1B1,FI193_FI1B1,1
FI193,FI1C4,FI193_FI1C4,1
FI193,FI194,FI193_FI194,1
FI193,FI1C1,FI193_FI1C1,1
FI193,FI1D7,FI193_FI1D7,1
FI193,FI1D1,FI193_FI1D1,1
FI193,FI1D3,FI193_FI1D3,1
FI193,FI1D8,FI193_FI1D8,1
FI193,FI1D2,FI193_FI1D2,1
FI193,NO0A2,FI193_NO0A2,1
FI193,NO060,FI193_NO060,1
FI193,NO074,FI193_NO074,1
FI193,DK050,FI193_DK050,1
FI193,NO0A1,FI193_NO0A1,1
FI193,NO081,FI193_NO081,1
FI193,SE122,FI193_SE122,1
FI193,LV009,FI193_LV009,1
FI193,LT021,FI193_LT021,1
FI193,LT025,FI193_LT025,1
FI193,LV006,FI193_LV006,1
FI193,IS001,FI193_IS001,1
FI193,LV005,FI193_LV005,1
FI193,LV008,FI193_LV008,1
FI193,LT022,FI193_LT022,1
FI193,LV003,FI193_LV003,1
FI193,FI1D5,FI193_FI1D5,1
FI193,SE213,FI193_SE213,1
FI193,FI1D9,FI193_FI1D9,1
FI193,FI1C5,FI193_FI1C5,1
FI193,LT023,FI193_LT023,1
FI193,LT024,FI193_LT024,1
FI193,LT028,FI193_LT028,1
FI193,LT029,FI193_LT029,1
FI193,SE232,FI193_SE232,1
FI193,SE331,FI193_SE331,1
FI193,SE322,FI193_SE322,1
FI193,SE332,FI193_SE332,1
FI193,SE124,FI193_SE124,1
FI193,SE125,FI193_SE125,1
FI193,SE123,FI193_SE123,1
FI193,SE231,FI193_SE231,1
FI193,SE321,FI193_SE321,1
FI193,SE312,FI193_SE312,1
FI193,SE221,FI193_SE221,1
FI193,SE211,FI193_SE211,1
FI193,LT011,FI193_LT011,1
FI193,SE313,FI193_SE313,1
FI193,SE224,FI193_SE224,1
FI193,SE311,FI193_SE311,1
FI193,SE110,FI193_SE110,1
FI193,SE121,FI193_SE121,1
FI193,SE214,FI193_SE214,1
FI193,SE212,FI193_SE212,1
FI193,NO0A3,FI193_NO0A3,1
FI193,NO071,FI193_NO071,1
FI193,NO0B1,FI193_NO0B1,1
FI193,EE009,FI193_EE009,1
FI193,NO0B2,FI193_NO0B2,1
NO091,EE001,NO091_EE001,1
NO091,NO020,NO091_NO020,1
NO091,DK011,NO091_DK011,1
NO091,DK012,NO091_DK012,1
NO091,FI197,NO091_FI197,1
NO091,FI195,NO091_FI195,1
NO091,DK041,NO091_DK041,1
NO091,EE00A,NO091_EE00A,1
NO091,DK031,NO091_DK031,1
NO091,NO082,NO091_NO082,1
NO091,FI1B1,NO091_FI1B1,1
NO091,FI1C4,NO091_FI1C4,1
NO091,FI194,NO091_FI194,1
NO091,FI1C1,NO091_FI1C1,1
NO091,FI1D7,NO091_FI1D7,1
NO091,FI1D1,NO091_FI1D1,1
NO091,FI1D3,NO091_FI1D3,1
NO091,FI1D8,NO091_FI1D8,1
NO091,FI1D2,NO091_FI1D2,1
NO091,NO0A2,NO091_NO0A2,1
NO091,NO060,NO091_NO060,1
NO091,NO074,NO091_NO074,1
NO091,DK050,NO091_DK050,1
NO091,NO0A1,NO091_NO0A1,1
NO091,NO081,NO091_NO081,1
NO091,SE122,NO091_SE122,1
NO091,LV009,NO091_LV009,1
NO091,LT021,NO091_LT021,1
NO091,LT025,NO091_LT025,1
NO091,LV006,NO091_LV006,1
NO091,IS001,NO091_IS001,1
NO091,LV005,NO091_LV005,1
NO091,LV008,NO091_LV008,1
NO091,LT022,NO091_LT022,1
NO091,LV003,NO091_LV003,1
NO091,FI1D5,NO091_FI1D5,1
NO091,SE213,NO091_SE213,1
NO091,FI1D9,NO091_FI1D9,1
NO091,FI1C5,NO091_FI1C5,1
NO091,LT023,NO091_LT023,1
NO091,LT024,NO091_LT024,1
NO091,LT028,NO091_LT028,1
NO091,LT029,NO091_LT029,1
NO091,SE232,NO091_SE232,1
NO091,SE331,NO091_SE331,1
NO091,SE322,NO091_SE322,1
NO091,SE332,NO091_SE332,1
NO091,SE124,NO091_SE124,1
NO091,SE125,NO091_SE125,1
NO091,SE123,NO091_SE123,1
NO091,SE231,NO091_SE231,1
NO091,SE321,NO091_SE321,1
NO091,SE312,NO091_SE312,1
NO091,SE221,NO091_SE221,1
NO091,SE211,NO091_SE211,1
NO091,LT011,NO091_LT011,1
NO091,SE313,NO091_SE313,1
NO091,SE224,NO091_SE224,1
NO091,SE311,NO091_SE311,1
NO091,SE110,NO091_SE110,1
NO091,SE121,NO091_SE121,1
NO091,SE214,NO091_SE214,1
NO091,SE212,NO091_SE212,1
NO091,NO0A3,NO091_NO0A3,1
NO091,NO071,NO091_NO071,1
NO091,NO0B1,NO091_NO0B1,1
NO091,EE009,NO091_EE009,1
NO091,NO0B2,NO091_NO0B2,1
EE001,NO020,EE001_NO020,1
EE001,DK011,EE001_DK011,1
EE001,DK012,EE001_DK012,1
EE001,FI197,EE001_FI197,1
EE001,FI195,EE001_FI195,1
EE001,DK041,EE001_DK041,1
EE001,EE00A,EE001_EE00A,1
EE001,DK031,EE001_DK031,1
EE001,NO082,EE001_NO082,1
EE001,FI1B1,EE001_FI1B1,1
EE001,FI1C4,EE001_FI1C4,1
EE001,FI194,EE001_FI194,1
EE001,FI1C1,EE001_FI1C1,1
EE001,FI1D7,EE001_FI1D7,1
EE001,FI1D1,EE001_FI1D1,1
EE001,FI1D3,EE001_FI1D3,1
EE001,FI1D8,EE001_FI1D8,1
EE001,FI1D2,EE001_FI1D2,1
EE001,NO0A2,EE001_NO0A2,1
EE001,NO060,EE001_NO060,1
EE001,NO074,EE001_NO074,1
EE001,DK050,EE001_DK050,1
EE001,NO0A1,EE001_NO0A1,1
EE001,NO081,EE001_NO081,1
EE001,SE122,EE001_SE122,1
EE001,LV009,EE001_LV009,1
EE001,LT021,EE001_LT021,1
EE001,LT025,EE001_LT025,1
EE001,LV006,EE001_LV006,1
EE001,IS001,EE001_IS001,1
EE001,LV005,EE001_LV005,1
EE001,LV008,EE001_LV008,1
EE001,LT022,EE001_LT022,1
EE001,LV003,EE001_LV003,1
EE001,FI1D5,EE001_FI1D5,1
EE001,SE213,EE001_SE213,1
EE001,FI1D9,EE001_FI1D9,1
EE001,FI1C5,EE001_FI1C5,1
EE001,LT023,EE001_LT023,1
EE001,LT024,EE001_LT024,1
EE001,LT028,EE001_LT028,1
EE001,LT029,EE001_LT029,1
EE001,SE232,EE001_SE232,1
EE001,SE331,EE001_SE331,1
EE001,SE322,EE001_SE322,1
EE001,SE332,EE001_SE332,1
EE001,SE124,EE001_SE124,1
EE001,SE125,EE001_SE125,1
EE001,SE123,EE001_SE123,1
EE001,SE231,EE001_SE231,1
EE001,SE321,EE001_SE321,1
EE001,SE312,EE001_SE312,1
EE001,SE221,EE001_SE221,1
EE001,SE211,EE001_SE211,1
EE001,LT011,EE001_LT011,1
EE001,SE313,EE001_SE313,1
EE001,SE224,EE001_SE224,1
EE001,SE311,EE001_SE311,1
EE001,SE110,EE001_SE110,1
EE001,SE121,EE001_SE121,1
EE001,SE214,EE001_SE214,1
EE001,SE212,EE001_SE212,1
EE001,NO0A3,EE001_NO0A3,1
EE001,NO071,EE001_NO071,1
EE001,NO0B1,EE001_NO0B1,1
EE001,EE009,EE001_EE009,1
EE001,NO0B2,EE001_NO0B2,1
NO020,DK011,NO020_DK011,1
NO020,DK012,NO020_DK012,1
NO020,FI197,NO020_FI197,1
NO020,FI195,NO020_FI195,1
NO020,DK041,NO020_DK041,1
NO020,EE00A,NO020_EE00A,1
NO020,DK031,NO020_DK031,1
NO020,NO082,NO020_NO082,1
NO020,FI1B1,NO020_FI1B1,1
NO020,FI1C4,NO020_FI1C4,1
NO020,FI194,NO020_FI194,1
NO020,FI1C1,NO020_FI1C1,1
NO020,FI1D7,NO020_FI1D7,1
NO020,FI1D1,NO020_FI1D1,1
NO020,FI1D3,NO020_FI1D3,1
NO020,FI1D8,NO020_FI1D8,1
NO020,FI1D2,NO020_FI1D2,1
NO020,NO0A2,NO020_NO0A2,1
NO020,NO060,NO020_NO060,1
NO020,NO074,NO020_NO074,1
NO020,DK050,NO020_DK050,1
NO020,NO0A1,NO020_NO0A1,1
NO020,NO081,NO020_NO081,1
NO020,SE122,NO020_SE122,1
NO020,LV009,NO020_LV009,1
NO020,LT021,NO020_LT021,1
NO020,LT025,NO020_LT025,1
NO020,LV006,NO020_LV006,1
NO020,IS001,NO020_IS001,1
NO020,LV005,NO020_LV005,1
NO020,LV008,NO020_LV008,1
NO020,LT022,NO020_LT022,1
NO020,LV003,NO020_LV003,1
NO020,FI1D5,NO020_FI1D5,1
NO020,SE213,NO020_SE213,1
NO020,FI1D9,NO020_FI1D9,1
NO020,FI1C5,NO020_FI1C5,1
NO020,LT023,NO020_LT023,1
NO020,LT024,NO020_LT024,1
NO020,LT028,NO020_LT028,1
NO020,LT029,NO020_LT029,1
NO020,SE232,NO020_SE232,1
NO020,SE331,NO020_SE331,1
NO020,SE322,NO020_SE322,1
NO020,SE332,NO020_SE332,1
NO020,SE124,NO020_SE124,1
NO020,SE125,NO020_SE125,1
NO020,SE123,NO020_SE123,1
NO020,SE231,NO020_SE231,1
NO020,SE321,NO020_SE321,1
NO020,SE312,NO020_SE312,1
NO020,SE221,NO020_SE221,1
NO020,SE211,NO020_SE211,1
NO020,LT011,NO020_LT011,1
NO020,SE313,NO020_SE313,1
NO020,SE224,NO020_SE224,1
NO020,SE311,NO020_SE311,1
NO020,SE110,NO020_SE110,1
NO020,SE121,NO020_SE121,1
NO020,SE214,NO020_SE214,1
NO020,SE212,NO020_SE212,1
NO020,NO0A3,NO020_NO0A3,1
NO020,NO071,NO020_NO071,1
NO020,NO0B1,NO020_NO0B1,1
NO020,EE009,NO020_EE009,1
NO020,NO0B2,NO020_NO0B2,1
DK011,DK012,DK011_DK012,1
DK011,FI197,DK011_FI197,1
DK011,FI195,DK011_FI195,1
DK011,DK041,DK011_DK041,1
DK011,EE00A,DK011_EE00A,1
DK011,DK031,DK011_DK031,1
DK011,NO082,DK011_NO082,1
DK011,FI1B1,DK011_FI1B1,1
DK011,FI1C4,DK011_FI1C4,1
DK011,FI194,DK011_FI194,1
DK011,FI1C1,DK011_FI1C1,1
DK011,FI1D7,DK011_FI1D7,1
DK011,FI1D1,DK011_FI1D1,1
DK011,FI1D3,DK011_FI1D3,1
DK011,FI1D8,DK011_FI1D8,1
DK011,FI1D2,DK011_FI1D2,1
DK011,NO0A2,DK011_NO0A2,1
DK011,NO060,DK011_NO060,1
DK011,NO074,DK011_NO074,1
DK011,DK050,DK011_DK050,1
DK011,NO0A1,DK011_NO0A1,1
DK011,NO081,DK011_NO081,1
DK011,SE122,DK011_SE122,1
DK011,LV009,DK011_LV009,1
DK011,LT021,DK011_LT021,1
DK011,LT025,DK011_LT025,1
DK011,LV006,DK011_LV006,1
DK011,IS001,DK011_IS001,1
DK011,LV005,DK011_LV005,1
DK011,LV008,DK011_LV008,1
DK011,LT022,DK011_LT022,1
DK011,LV003,DK011_LV003,1
DK011,FI1D5,DK011_FI1D5,1
DK011,SE213,DK011_SE213,1
DK011,FI1D9,DK011_FI1D9,1
DK011,FI1C5,DK011_FI1C5,1
DK011,LT023,DK011_LT023,1
DK011,LT024,DK011_LT024,1
DK011,LT028,DK011_LT028,1
DK011,LT029,DK011_LT029,1
DK011,SE232,DK011_SE232,1
DK011,SE331,DK011_SE331,1
DK011,SE322,DK011_SE322,1
DK011,SE332,DK011_SE332,1
DK011,SE124,DK011_SE124,1
DK011,SE125,DK011_SE125,1
DK011,SE123,DK011_SE123,1
DK011,SE231,DK011_SE231,1
DK011,SE321,DK011_SE321,1
DK011,SE312,DK011_SE312,1
DK011,SE221,DK011_SE221,1
DK011,SE211,DK011_SE211,1
DK011,LT011,DK011_LT011,1
DK011,SE313,DK011_SE313,1
DK011,SE224,DK011_SE224,1
DK011,SE311,DK011_SE311,1
DK011,SE110,DK011_SE110,1
DK011,SE121,DK011_SE121,1
DK011,SE214,DK011_SE214,1
DK011,SE212,DK011_SE212,1
DK011,NO0A3,DK011_NO0A3,1
DK011,NO071,DK011_NO071,1
DK011,NO0B1,DK011_NO0B1,1
DK011,EE009,DK011_EE009,1
DK011,NO0B2,DK011_NO0B2,1
DK012,FI197,DK012_FI197,1
DK012,FI195,DK012_FI195,1
DK012,DK041,DK012_DK041,1
DK012,EE00A,DK012_EE00A,1
DK012,DK031,DK012_DK031,1
DK012,NO082,DK012_NO082,1
DK012,FI1B1,DK012_FI1B1,1
DK012,FI1C4,DK012_FI1C4,1
DK012,FI194,DK012_FI194,1
DK012,FI1C1,DK012_FI1C1,1
DK012,FI1D7,DK012_FI1D7,1
DK012,FI1D1,DK012_FI1D1,1
DK012,FI1D3,DK012_FI1D3,1
DK012,FI1D8,DK012_FI1D8,1
DK012,FI1D2,DK012_FI1D2,1
DK012,NO0A2,DK012_NO0A2,1
DK012,NO060,DK012_NO060,1
DK012,NO074,DK012_NO074,1
DK012,DK050,DK012_DK050,1
DK012,NO0A1,DK012_NO0A1,1
DK012,NO081,DK012_NO081,1
DK012,SE122,DK012_SE122,1
DK012,LV009,DK012_LV009,1
DK012,LT021,DK012_LT021,1
DK012,LT025,DK012_LT025,1
DK012,LV006,DK012_LV006,1
DK012,IS001,DK012_IS001,1
DK012,LV005,DK012_LV005,1
DK012,LV008,DK012_LV008,1
DK012,LT022,DK012_LT022,1
DK012,LV003,DK012_LV003,1
DK012,FI1D5,DK012_FI1D5,1
DK012,SE213,DK012_SE213,1
DK012,FI1D9,DK012_FI1D9,1
DK012,FI1C5,DK012_FI1C5,1
DK012,LT023,DK012_LT023,1
DK012,LT024,DK012_LT024,1
DK012,LT028,DK012_LT028,1
DK012,LT029,DK012_LT029,1
DK012,SE232,DK012_SE232,1
DK012,SE331,DK012_SE331,1
DK012,SE322,DK012_SE322,1
DK012,SE332,DK012_SE332,1
DK012,SE124,DK012_SE124,1
DK012,SE125,DK012_SE125,1
DK012,SE123,DK012_SE123,1
DK012,SE231,DK012_SE231,1
DK012,SE321,DK012_SE321,1
DK012,SE312,DK012_SE312,1
DK012,SE221,DK012_SE221,1
DK012,SE211,DK012_SE211,1
DK012,LT011,DK012_LT011,1
DK012,SE313,DK012_SE313,1
DK012,SE224,DK012_SE224,1
DK012,SE311,DK012_SE311,1
DK012,SE110,DK012_SE110,1
DK012,SE121,DK012_SE121,1
DK012,SE214,DK012_SE214,1
DK012,SE212,DK012_SE212,1
DK012,NO0A3,DK012_NO0A3,1
DK012,NO071,DK012_NO071,1
DK012,NO0B1,DK012_NO0B1,1
DK012,EE009,DK012_EE009,1
DK012,NO0B2,DK012_NO0B2,1
FI197,FI195,FI197_FI195,1
FI197,DK041,FI197_DK041,1
FI197,EE00A,FI197_EE00A,1
FI197,DK031,FI197_DK031,1
FI197,NO082,FI197_NO082,1
FI197,FI1B1,FI197_FI1B1,1
FI197,FI1C4,FI197_FI1C4,1
FI197,FI194,FI197_FI194,1
FI197,FI1C1,FI197_FI1C1,1
FI197,FI1D7,FI197_FI1D7,1
FI197,FI1D1,FI197_FI1D1,1
FI197,FI1D3,FI197_FI1D3,1
FI197,FI1D8,FI197_FI1D8,1
FI197,FI1D2,FI197_FI1D2,1
FI197,NO0A2,FI197_NO0A2,1
FI197,NO060,FI197_NO060,1
FI197,NO074,FI197_NO074,1
FI197,DK050,FI197_DK050,1
FI197,NO0A1,FI197_NO0A1,1
FI197,NO081,FI197_NO081,1
FI197,SE122,FI197_SE122,1
FI197,LV009,FI197_LV009,1
FI197,LT021,FI197_LT021,1
FI197,LT025,FI197_LT025,1
FI197,LV006,FI197_LV006,1
FI197,IS001,FI197_IS001,1
FI197,LV005,FI197_LV005,1
FI197,LV008,FI197_LV008,1
FI197,LT022,FI197_LT022,1
FI197,LV003,FI197_LV003,1
FI197,FI1D5,FI197_FI1D5,1
FI197,SE213,FI197_SE213,1
FI197,FI1D9,FI197_FI1D9,1
FI197,FI1C5,FI197_FI1C5,1
FI197,LT023,FI197_LT023,1
FI197,LT024,FI197_LT024,1
FI197,LT028,FI197_LT028,1
FI197,LT029,FI197_LT029,1
FI197,SE232,FI197_SE232,1
FI197,SE331,FI197_SE331,1
FI197,SE322,FI197_SE322,1
FI197,SE332,FI197_SE332,1
FI197,SE124,FI197_SE124,1
FI197,SE125,FI197_SE125,1
FI197,SE123,FI197_SE123,1
FI197,SE231,FI197_SE231,1
FI197,SE321,FI197_SE321,1
FI197,SE312,FI197_SE312,1
FI197,SE221,FI197_SE221,1
FI197,SE211,FI197_SE211,1
FI197,LT011,FI197_LT011,1
FI197,SE313,FI197_SE313,1
FI197,SE224,FI197_SE224,1
FI197,SE311,FI197_SE311,1
FI197,SE110,FI197_SE110,1
FI197,SE121,FI197_SE121,1
FI197,SE214,FI197_SE214,1
FI197,SE212,FI197_SE212,1
FI197,NO0A3,FI197_NO0A3,1
FI197,NO071,FI197_NO071,1
FI197,NO0B1,FI197_NO0B1,1
FI197,EE009,FI197_EE009,1
FI197,NO0B2,FI197_NO0B2,1
FI195,DK041,FI195_DK041,1
FI195,EE00A,FI195_EE00A,1
FI195,DK031,FI195_DK031,1
FI195,NO082,FI195_NO082,1
FI195,FI1B1,FI195_FI1B1,1
FI195,FI1C4,FI195_FI1C4,1
FI195,FI194,FI195_FI194,1
FI195,FI1C1,FI195_FI1C1,1
FI195,FI1D7,FI195_FI1D7,1
FI195,FI1D1,FI195_FI1D1,1
FI195,FI1D3,FI195_FI1D3,1
FI195,FI1D8,FI195_FI1D8,1
FI195,FI1D2,FI195_FI1D2,1
FI195,NO0A2,FI195_NO0A2,1
FI195,NO060,FI195_NO060,1
FI195,NO074,FI195_NO074,1
FI195,DK050,FI195_DK050,1
FI195,NO0A1,FI195_NO0A1,1
FI195,NO081,FI195_NO081,1
FI195,SE122,FI195_SE122,1
FI195,LV009,FI195_LV009,1
FI195,LT021,FI195_LT021,1
FI195,LT025,FI195_LT025,1
FI195,LV006,FI195_LV006,1
FI195,IS001,FI195_IS001,1
FI195,LV005,FI195_LV005,1
FI195,LV008,FI195_LV008,1
FI195,LT022,FI195_LT022,1
FI195,LV003,FI195_LV003,1
FI195,FI1D5,FI195_FI1D5,1
FI195,SE213,FI195_SE213,1
FI195,FI1D9,FI195_FI1D9,1
FI195,FI1C5,FI195_FI1C5,1
FI195,LT023,FI195_LT023,1
FI195,LT024,FI195_LT024,1
FI195,LT028,FI195_LT028,1
FI195,LT029,FI195_LT029,1
FI195,SE232,FI195_SE232,1
FI195,SE331,FI195_SE331,1
FI195,SE322,FI195_SE322,1
FI195,SE332,FI195_SE332,1
FI195,SE124,FI195_SE124,1
FI195,SE125,FI195_SE125,1
FI195,SE123,FI195_SE123,1
FI195,SE231,FI195_SE231,1
FI195,SE321,FI195_SE321,1
FI195,SE312,FI195_SE312,1
FI195,SE221,FI195_SE221,1
FI195,SE211,FI195_SE211,1
FI195,LT011,FI195_LT011,1
FI195,SE313,FI195_SE313,1
FI195,SE224,FI195_SE224,1
FI195,SE311,FI195_SE311,1
FI195,SE110,FI195_SE110,1
FI195,SE121,FI195_SE121,1
FI195,SE214,FI195_SE214,1
FI195,SE212,FI195_SE212,1
FI195,NO0A3,FI195_NO0A3,1
FI195,NO071,FI195_NO071,1
FI195,NO0B1,FI195_NO0B1,1
FI195,EE009,FI195_EE009,1
FI195,NO0B2,FI195_NO0B2,1
DK041,EE00A,DK041_EE00A,1
DK041,DK031,DK041_DK031,1
DK041,NO082,DK041_NO082,1
DK041,FI1B1,DK041_FI1B1,1
DK041,FI1C4,DK041_FI1C4,1
DK041,FI194,DK041_FI194,1
DK041,FI1C1,DK041_FI1C1,1
DK041,FI1D7,DK041_FI1D7,1
DK041,FI1D1,DK041_FI1D1,1
DK041,FI1D3,DK041_FI1D3,1
DK041,FI1D8,DK041_FI1D8,1
DK041,FI1D2,DK041_FI1D2,1
DK041,NO0A2,DK041_NO0A2,1
DK041,NO060,DK041_NO060,1
DK041,NO074,DK041_NO074,1
DK041,DK050,DK041_DK050,1
DK041,NO0A1,DK041_NO0A1,1
DK041,NO081,DK041_NO081,1
DK041,SE122,DK041_SE122,1
DK041,LV009,DK041_LV009,1
DK041,LT021,DK041_LT021,1
DK041,LT025,DK041_LT025,1
DK041,LV006,DK041_LV006,1
DK041,IS001,DK041_IS001,1
DK041,LV005,DK041_LV005,1
DK041,LV008,DK041_LV008,1
DK041,LT022,DK041_LT022,1
DK041,LV003,DK041_LV003,1
DK041,FI1D5,DK041_FI1D5,1
DK041,SE213,DK041_SE213,1
DK041,FI1D9,DK041_FI1D9,1
DK041,FI1C5,DK041_FI1C5,1
DK041,LT023,DK041_LT023,1
DK041,LT024,DK041_LT024,1
DK041,LT028,DK041_LT028,1
DK041,LT029,DK041_LT029,1
DK041,SE232,DK041_SE232,1
DK041,SE331,DK041_SE331,1
DK041,SE322,DK041_SE322,1
DK041,SE332,DK041_SE332,1
DK041,SE124,DK041_SE124,1
DK041,SE125,DK041_SE125,1
DK041,SE123,DK041_SE123,1
DK041,SE231,DK041_SE231,1
DK041,SE321,DK041_SE321,1
DK041,SE312,DK041_SE312,1
DK041,SE221,DK041_SE221,1
DK041,SE211,DK041_SE211,1
DK041,LT011,DK041_LT011,1
DK041,SE313,DK041_SE313,1
DK041,SE224,DK041_SE224,1
DK041,SE311,DK041_SE311,1
DK041,SE110,DK041_SE110,1
DK041,SE121,DK041_SE121,1
DK041,SE214,DK041_SE214,1
DK041,SE212,DK041_SE212,1
DK041,NO0A3,DK041_NO0A3,1
DK041,NO071,DK041_NO071,1
DK041,NO0B1,DK041_NO0B1,1
DK041,EE009,DK041_EE009,1
DK041,NO0B2,DK041_NO0B2,1
EE00A,DK031,EE00A_DK031,1
EE00A,NO082,EE00A_NO082,1
EE00A,FI1B1,EE00A_FI1B1,1
EE00A,FI1C4,EE00A_FI1C4,1
EE00A,FI194,EE00A_FI194,1
EE00A,FI1C1,EE00A_FI1C1,1
EE00A,FI1D7,EE00A_FI1D7,1
EE00A,FI1D1,EE00A_FI1D1,1
EE00A,FI1D3,EE00A_FI1D3,1
EE00A,FI1D8,EE00A_FI1D8,1
EE00A,FI1D2,EE00A_FI1D2,1
EE00A,NO0A2,EE00A_NO0A2,1
EE00A,NO060,EE00A_NO060,1
EE00A,NO074,EE00A_NO074,1
EE00A,DK050,EE00A_DK050,1
EE00A,NO0A1,EE00A_NO0A1,1
EE00A,NO081,EE00A_NO081,1
EE00A,SE122,EE00A_SE122,1
EE00A,LV009,EE00A_LV009,1
EE00A,LT021,EE00A_LT021,1
EE00A,LT025,EE00A_LT025,1
EE00A,LV006,EE00A_LV006,1
EE00A,IS001,EE00A_IS001,1
EE00A,LV005,EE00A_LV005,1
EE00A,LV008,EE00A_LV008,1
EE00A,LT022,EE00A_LT022,1
EE00A,LV003,EE00A_LV003,1
EE00A,FI1D5,EE00A_FI1D5,1
EE00A,SE213,EE00A_SE213,1
EE00A,FI1D9,EE00A_FI1D9,1
EE00A,FI1C5,EE00A_FI1C5,1
EE00A,LT023,EE00A_LT023,1
EE00A,LT024,EE00A_LT024,1
EE00A,LT028,EE00A_LT028,1
EE00A,LT029,EE00A_LT029,1
EE00A,SE232,EE00A_SE232,1
EE00A,SE331,EE00A_SE331,1
EE00A,SE322,EE00A_SE322,1
EE00A,SE332,EE00A_SE332,1
EE00A,SE124,EE00A_SE124,1
EE00A,SE125,EE00A_SE125,1
EE00A,SE123,EE00A_SE123,1
EE00A,SE231,EE00A_SE231,1
EE00A,SE321,EE00A_SE321,1
EE00A,SE312,EE00A_SE312,1
EE00A,SE221,EE00A_SE221,1
EE00A,SE211,EE00A_SE211,1
EE00A,LT011,EE00A_LT011,1
EE00A,SE313,EE00A_SE313,1
EE00A,SE224,EE00A_SE224,1
EE00A,SE311,EE00A_SE311,1
EE00A,SE110,EE00A_SE110,1
EE00A,SE121,EE00A_SE121,1
EE00A,SE214,EE00A_SE214,1
EE00A,SE212,EE00A_SE212,1
EE00A,NO0A3,EE00A_NO0A3,1
EE00A,NO071,EE00A_NO071,1
EE00A,NO0B1,EE00A_NO0B1,1
EE00A,EE009,EE00A_EE009,1
EE00A,NO0B2,EE00A_NO0B2,1
DK031,NO082,DK031_NO082,1
DK031,FI1B1,DK031_FI1B1,1
DK031,FI1C4,DK031_FI1C4,1
DK031,FI194,DK031_FI194,1
DK031,FI1C1,DK031_FI1C1,1
DK031,FI1D7,DK031_FI1D7,1
DK031,FI1D1,DK031_FI1D1,1
DK031,FI1D3,DK031_FI1D3,1
DK031,FI1D8,DK031_FI1D8,1
DK031,FI1D2,DK031_FI1D2,1
DK031,NO0A2,DK031_NO0A2,1
DK031,NO060,DK031_NO060,1
DK031,NO074,DK031_NO074,1
DK031,DK050,DK031_DK050,1
DK031,NO0A1,DK031_NO0A1,1
DK031,NO081,DK031_NO081,1
DK031,SE122,DK031_SE122,1
DK031,LV009,DK031_LV009,1
DK031,LT021,DK031_LT021,1
DK031,LT025,DK031_LT025,1
DK031,LV006,DK031_LV006,1
DK031,IS001,DK031_IS001,1
DK031,LV005,DK031_LV005,1
DK031,LV008,DK031_LV008,1
DK031,LT022,DK031_LT022,1
DK031,LV003,DK031_LV003,1
DK031,FI1D5,DK031_FI1D5,1
DK031,SE213,DK031_SE213,1
DK031,FI1D9,DK031_FI1D9,1
DK031,FI1C5,DK031_FI1C5,1
DK031,LT023,DK031_LT023,1
DK031,LT024,DK031_LT024,1
DK031,LT028,DK031_LT028,1
DK031,LT029,DK031_LT029,1
DK031,SE232,DK031_SE232,1
DK031,SE331,DK031_SE331,1
DK031,SE322,DK031_SE322,1
DK031,SE332,DK031_SE332,1
DK031,SE124,DK031_SE124,1
DK031,SE125,DK031_SE125,1
DK031,SE123,DK031_SE123,1
DK031,SE231,DK031_SE231,1
DK031,SE321,DK031_SE321,1
DK031,SE312,DK031_SE312,1
DK031,SE221,DK031_SE221,1
DK031,SE211,DK031_SE211,1
DK031,LT011,DK031_LT011,1
DK031,SE313,DK031_SE313,1
DK031,SE224,DK031_SE224,1
DK031,SE311,DK031_SE311,1
DK031,SE110,DK031_SE110,1
DK031,SE121,DK031_SE121,1
DK031,SE214,DK031_SE214,1
DK031,SE212,DK031_SE212,1
DK031,NO0A3,DK031_NO0A3,1
DK031,NO071,DK031_NO071,1
DK031,NO0B1,DK031_NO0B1,1
DK031,EE009,DK031_EE009,1
DK031,NO0B2,DK031_NO0B2,1
NO082,FI1B1,NO082_FI1B1,1
NO082,FI1C4,NO082_FI1C4,1
NO082,FI194,NO082_FI194,1
NO082,FI1C1,NO082_FI1C1,1
NO082,FI1D7,NO082_FI1D7,1
NO082,FI1D1,NO082_FI1D1,1
NO082,FI1D3,NO082_FI1D3,1
NO082,FI1D8,NO082_FI1D8,1
NO082,FI1D2,NO082_FI1D2,1
NO082,NO0A2,NO082_NO0A2,1
NO082,NO060,NO082_NO060,1
NO082,NO074,NO082_NO074,1
NO082,DK050,NO082_DK050,1
NO082,NO0A1,NO082_NO0A1,1
NO082,NO081,NO082_NO081,1
NO082,SE122,NO082_SE122,1
NO082,LV009,NO082_LV009,1
NO082,LT021,NO082_LT021,1
NO082,LT025,NO082_LT025,1
NO082,LV006,NO082_LV006,1
NO082,IS001,NO082_IS001,1
NO082,LV005,NO082_LV005,1
NO082,LV008,NO082_LV008,1
NO082,LT022,NO082_LT022,1
NO082,LV003,NO082_LV003,1
NO082,FI1D5,NO082_FI1D5,1
NO082,SE213,NO082_SE213,1
NO082,FI1D9,NO082_FI1D9,1
NO082,FI1C5,NO082_FI1C5,1
NO082,LT023,NO082_LT023,1
NO082,LT024,NO082_LT024,1
NO082,LT028,NO082_LT028,1
NO082,LT029,NO082_LT029,1
NO082,SE232,NO082_SE232,1
NO082,SE331,NO082_SE331,1
NO082,SE322,NO082_SE322,1
NO082,SE332,NO082_SE332,1
NO082,SE124,NO082_SE124,1
NO082,SE125,NO082_SE125,1
NO082,SE123,NO082_SE123,1
NO082,SE231,NO082_SE231,1
NO082,SE321,NO082_SE321,1
NO082,SE312,NO082_SE312,1
NO082,SE221,NO082_SE221,1
NO082,SE211,NO082_SE211,1
NO082,LT011,NO082_LT011,1
NO082,SE313,NO082_SE313,1
NO082,SE224,NO082_SE224,1
NO082,SE311,NO082_SE311,1
NO082,SE110,NO082_SE110,1
NO082,SE121,NO082_SE121,1
NO082,SE214,NO082_SE214,1
NO082,SE212,NO082_SE212,1
NO082,NO0A3,NO082_NO0A3,1
NO082,NO071,NO082_NO071,1
NO082,NO0B1,NO082_NO0B1,1
NO082,EE009,NO082_EE009,1
NO082,NO0B2,NO082_NO0B2,1
FI1B1,FI1C4,FI1B1_FI1C4,1
FI1B1,FI194,FI1B1_FI194,1
FI1B1,FI1C1,FI1B1_FI1C1,1
FI1B1,FI1D7,FI1B1_FI1D7,1
FI1B1,FI1D1,FI1B1_FI1D1,1
FI1B1,FI1D3,FI1B1_FI1D3,1
FI1B1,FI1D8,FI1B1_FI1D8,1
FI1B1,FI1D2,FI1B1_FI1D2,1
FI1B1,NO0A2,FI1B1_NO0A2,1
FI1B1,NO060,FI1B1_NO060,1
FI1B1,NO074,FI1B1_NO074,1
FI1B1,DK050,FI1B1_DK050,1
FI1B1,NO0A1,FI1B1_NO0A1,1
FI1B1,NO081,FI1B1_NO081,1
FI1B1,SE122,FI1B1_SE122,1
FI1B1,LV009,FI1B1_LV009,1
FI1B1,LT021,FI1B1_LT021,1
FI1B1,LT025,FI1B1_LT025,1
FI1B1,LV006,FI1B1_LV006,1
FI1B1,IS001,FI1B1_IS001,1
FI1B1,LV005,FI1B1_LV005,1
FI1B1,LV008,FI1B1_LV008,1
FI1B1,LT022,FI1B1_LT022,1
FI1B1,LV003,FI1B1_LV003,1
FI1B1,FI1D5,FI1B1_FI1D5,1
FI1B1,SE213,FI1B1_SE213,1
FI1B1,FI1D9,FI1B1_FI1D9,1
FI1B1,FI1C5,FI1B1_FI1C5,1
FI1B1,LT023,FI1B1_LT023,1
FI1B1,LT024,FI1B1_LT024,1
FI1B1,LT028,FI1B1_LT028,1
FI1B1,LT029,FI1B1_LT029,1
FI1B1,SE232,FI1B1_SE232,1
FI1B1,SE331,FI1B1_SE331,1
FI1B1,SE322,FI1B1_SE322,1
FI1B1,SE332,FI1B1_SE332,1
FI1B1,SE124,FI1B1_SE124,1
FI1B1,SE125,FI1B1_SE125,1
FI1B1,SE123,FI1B1_SE123,1
FI1B1,SE231,FI1B1_SE231,1
FI1B1,SE321,FI1B1_SE321,1
FI1B1,SE312,FI1B1_SE312,1
FI1B1,SE221,FI1B1_SE221,1
FI1B1,SE211,FI1B1_SE211,1
FI1B1,LT011,FI1B1_LT011,1
FI1B1,SE313,FI1B1_SE313,1
FI1B1,SE224,FI1B1_SE224,1
FI1B1,SE311,FI1B1_SE311,1
FI1B1,SE110,FI1B1_SE110,1
FI1B1,SE121,FI1B1_SE121,1
FI1B1,SE214,FI1B1_SE214,1
FI1B1,SE212,FI1B1_SE212,1
FI1B1,NO0A3,FI1B1_NO0A3,1
FI1B1,NO071,FI1B1_NO071,1
FI1B1,NO0B1,FI1B1_NO0B1,1
FI1B1,EE009,FI1B1_EE009,1
FI1B1,NO0B2,FI1B1_NO0B2,1
FI1C4,FI194,FI1C4_FI194,1
FI1C4,FI1C1,FI1C4_FI1C1,1
FI1C4,FI1D7,FI1C4_FI1D7,1
FI1C4,FI1D1,FI1C4_FI1D1,1
FI1C4,FI1D3,FI1C4_FI1D3,1
FI1C4,FI1D8,FI1C4_FI1D8,1
FI1C4,FI1D2,FI1C4_FI1D2,1
FI1C4,NO0A2,FI1C4_NO0A2,1
FI1C4,NO060,FI1C4_NO060,1
FI1C4,NO074,FI1C4_NO074,1
FI1C4,DK050,FI1C4_DK050,1
FI1C4,NO0A1,FI1C4_NO0A1,1
FI1C4,NO081,FI1C4_NO081,1
FI1C4,SE122,FI1C4_SE122,1
FI1C4,LV009,FI1C4_LV009,1
FI1C4,LT021,FI1C4_LT021,1
FI1C4,LT025,FI1C4_LT025,1
FI1C4,LV006,FI1C4_LV006,1
FI1C4,IS001,FI1C4_IS001,1
FI1C4,LV005,FI1C4_LV005,1
FI1C4,LV008,FI1C4_LV008,1
FI1C4,LT022,FI1C4_LT022,1
FI1C4,LV003,FI1C4_LV003,1
FI1C4,FI1D5,FI1C4_FI1D5,1
FI1C4,SE213,FI1C4_SE213,1
FI1C4,FI1D9,FI1C4_FI1D9,1
FI1C4,FI1C5,FI1C4_FI1C5,1
FI1C4,LT023,FI1C4_LT023,1
FI1C4,LT024,FI1C4_LT024,1
FI1C4,LT028,FI1C4_LT028,1
FI1C4,LT029,FI1C4_LT029,1
FI1C4,SE232,FI1C4_SE232,1
FI1C4,SE331,FI1C4_SE331,1
FI1C4,SE322,FI1C4_SE322,1
FI1C4,SE332,FI1C4_SE332,1
FI1C4,SE124,FI1C4_SE124,1
FI1C4,SE125,FI1C4_SE125,1
FI1C4,SE123,FI1C4_SE123,1
FI1C4,SE231,FI1C4_SE231,1
FI1C4,SE321,FI1C4_SE321,1
FI1C4,SE312,FI1C4_SE312,1
FI1C4,SE221,FI1C4_SE221,1
FI1C4,SE211,FI1C4_SE211,1
FI1C4,LT011,FI1C4_LT011,1
FI1C4,SE313,FI1C4_SE313,1
FI1C4,SE224,FI1C4_SE224,1
FI1C4,SE311,FI1C4_SE311,1
FI1C4,SE110,FI1C4_SE110,1
FI1C4,SE121,FI1C4_SE121,1
FI1C4,SE214,FI1C4_SE214,1
FI1C4,SE212,FI1C4_SE212,1
FI1C4,NO0A3,FI1C4_NO0A3,1
FI1C4,NO071,FI1C4_NO071,1
FI1C4,NO0B1,FI1C4_NO0B1,1
FI1C4,EE009,FI1C4_EE009,1
FI1C4,NO0B2,FI1C4_NO0B2,1
FI194,FI1C1,FI194_FI1C1,1
FI194,FI1D7,FI194_FI1D7,1
FI194,FI1D1,FI194_FI1D1,1
FI194,FI1D3,FI194_FI1D3,1
FI194,FI1D8,FI194_FI1D8,1
FI194,FI1D2,FI194_FI1D2,1
FI194,NO0A2,FI194_NO0A2,1
FI194,NO060,FI194_NO060,1
FI194,NO074,FI194_NO074,1
FI194,DK050,FI194_DK050,1
FI194,NO0A1,FI194_NO0A1,1
FI194,NO081,FI194_NO081,1
FI194,SE122,FI194_SE122,1
FI194,LV009,FI194_LV009,1
FI194,LT021,FI194_LT021,1
FI194,LT025,FI194_LT025,1
FI194,LV006,FI194_LV006,1
FI194,IS001,FI194_IS001,1
FI194,LV005,FI194_LV005,1
FI194,LV008,FI194_LV008,1
FI194,LT022,FI194_LT022,1
FI194,LV003,FI194_LV003,1
FI194,FI1D5,FI194_FI1D5,1
FI194,SE213,FI194_SE213,1
FI194,FI1D9,FI194_FI1D9,1
FI194,FI1C5,FI194_FI1C5,1
FI194,LT023,FI194_LT023,1
FI194,LT024,FI194_LT024,1
FI194,LT028,FI194_LT028,1
FI194,LT029,FI194_LT029,1
FI194,SE232,FI194_SE232,1
FI194,SE331,FI194_SE331,1
FI194,SE322,FI194_SE322,1
FI194,SE332,FI194_SE332,1
FI194,SE124,FI194_SE124,1
FI194,SE125,FI194_SE125,1
FI194,SE123,FI194_SE123,1
FI194,SE231,FI194_SE231,1
FI194,SE321,FI194_SE321,1
FI194,SE312,FI194_SE312,1
FI194,SE221,FI194_SE221,1
FI194,SE211,FI194_SE211,1
FI194,LT011,FI194_LT011,1
FI194,SE313,FI194_SE313,1
FI194,SE224,FI194_SE224,1
FI194,SE311,FI194_SE311,1
FI194,SE110,FI194_SE110,1
FI194,SE121,FI194_SE121,1
FI194,SE214,FI194_SE214,1
FI194,SE212,FI194_SE212,1
FI194,NO0A3,FI194_NO0A3,1
FI194,NO071,FI194_NO071,1
FI194,NO0B1,FI194_NO0B1,1
FI194,EE009,FI194_EE009,1
FI194,NO0B2,FI194_NO0B2,1
FI1C1,FI1D7,FI1C1_FI1D7,1
FI1C1,FI1D1,FI1C1_FI1D1,1
FI1C1,FI1D3,FI1C1_FI1D3,1
FI1C1,FI1D8,FI1C1_FI1D8,1
FI1C1,FI1D2,FI1C1_FI1D2,1
FI1C1,NO0A2,FI1C1_NO0A2,1
FI1C1,NO060,FI1C1_NO060,1
FI1C1,NO074,FI1C1_NO074,1
FI1C1,DK050,FI1C1_DK050,1
FI1C1,NO0A1,FI1C1_NO0A1,1
FI1C1,NO081,FI1C1_NO081,1
FI1C1,SE122,FI1C1_SE122,1
FI1C1,LV009,FI1C1_LV009,1
FI1C1,LT021,FI1C1_LT021,1
FI1C1,LT025,FI1C1_LT025,1
FI1C1,LV006,FI1C1_LV006,1
FI1C1,IS001,FI1C1_IS001,1
FI1C1,LV005,FI1C1_LV005,1
FI1C1,LV008,FI1C1_LV008,1
FI1C1,LT022,FI1C1_LT022,1
FI1C1,LV003,FI1C1_LV003,1
FI1C1,FI1D5,FI1C1_FI1D5,1
FI1C1,SE213,FI1C1_SE213,1
FI1C1,FI1D9,FI1C1_FI1D9,1
FI1C1,FI1C5,FI1C1_FI1C5,1
FI1C1,LT023,FI1C1_LT023,1
FI1C1,LT024,FI1C1_LT024,1
FI1C1,LT028,FI1C1_LT028,1
FI1C1,LT029,FI1C1_LT029,1
FI1C1,SE232,FI1C1_SE232,1
FI1C1,SE331,FI1C1_SE331,1
FI1C1,SE322,FI1C1_SE322,1
FI1C1,SE332,FI1C1_SE332,1
FI1C1,SE124,FI1C1_SE124,1
FI1C1,SE125,FI1C1_SE125,1
FI1C1,SE123,FI1C1_SE123,1
FI1C1,SE231,FI1C1_SE231,1
FI1C1,SE321,FI1C1_SE321,1
FI1C1,SE312,FI1C1_SE312,1
FI1C1,SE221,FI1C1_SE221,1
FI1C1,SE211,FI1C1_SE211,1
FI1C1,LT011,FI1C1_LT011,1
FI1C1,SE313,FI1C1_SE313,1
FI1C1,SE224,FI1C1_SE224,1
FI1C1,SE311,FI1C1_SE311,1
FI1C1,SE110,FI1C1_SE110,1
FI1C1,SE121,FI1C1_SE121,1
FI1C1,SE214,FI1C1_SE214,1
FI1C1,SE212,FI1C1_SE212,1
FI1C1,NO0A3,FI1C1_NO0A3,1
FI1C1,NO071,FI1C1_NO071,1
FI1C1,NO0B1,FI1C1_NO0B1,1
FI1C1,EE009,FI1C1_EE009,1
FI1C1,NO0B2,FI1C1_NO0B2,1
FI1D7,FI1D1,FI1D7_FI1D1,1
FI1D7,FI1D3,FI1D7_FI1D3,1
FI1D7,FI1D8,FI1D7_FI1D8,1
FI1D7,FI1D2,FI1D7_FI1D2,1
FI1D7,NO0A2,FI1D7_NO0A2,1
FI1D7,NO060,FI1D7_NO060,1
FI1D7,NO074,FI1D7_NO074,1
FI1D7,DK050,FI1D7_DK050,1
FI1D7,NO0A1,FI1D7_NO0A1,1
FI1D7,NO081,FI1D7_NO081,1
FI1D7,SE122,FI1D7_SE122,1
FI1D7,LV009,FI1D7_LV009,1
FI1D7,LT021,FI1D7_LT021,1
FI1D7,LT025,FI1D7_LT025,1
FI1D7,LV006,FI1D7_LV006,1
FI1D7,IS001,FI1D7_IS001,1
FI1D7,LV005,FI1D7_LV005,1
FI1D7,LV008,FI1D7_LV008,1
FI1D7,LT022,FI1D7_LT022,1
FI1D7,LV003,FI1D7_LV003,1
FI1D7,FI1D5,FI1D7_FI1D5,1
FI1D7,SE213,FI1D7_SE213,1
FI1D7,FI1D9,FI1D7_FI1D9,1
FI1D7,FI1C5,FI1D7_FI1C5,1
FI1D7,LT023,FI1D7_LT023,1
FI1D7,LT024,FI1D7_LT024,1
FI1D7,LT028,FI1D7_LT028,1
FI1D7,LT029,FI1D7_LT029,1
FI1D7,SE232,FI1D7_SE232,1
FI1D7,SE331,FI1D7_SE331,1
FI1D7,SE322,FI1D7_SE322,1
FI1D7,SE332,FI1D7_SE332,1
FI1D7,SE124,FI1D7_SE124,1
FI1D7,SE125,FI1D7_SE125,1
FI1D7,SE123,FI1D7_SE123,1
FI1D7,SE231,FI1D7_SE231,1
FI1D7,SE321,FI1D7_SE321,1
FI1D7,SE312,FI1D7_SE312,1
FI1D7,SE221,FI1D7_SE221,1
FI1D7,SE211,FI1D7_SE211,1
FI1D7,LT011,FI1D7_LT011,1
FI1D7,SE313,FI1D7_SE313,1
FI1D7,SE224,FI1D7_SE224,1
FI1D7,SE311,FI1D7_SE311,1
FI1D7,SE110,FI1D7_SE110,1
FI1D7,SE121,FI1D7_SE121,1
FI1D7,SE214,FI1D7_SE214,1
FI1D7,SE212,FI1D7_SE212,1
FI1D7,NO0A3,FI1D7_NO0A3,1
FI1D7,NO071,FI1D7_NO071,1
FI1D7,NO0B1,FI1D7_NO0B1,1
FI1D7,EE009,FI1D7_EE009,1
FI1D7,NO0B2,FI1D7_NO0B2,1
FI1D1,FI1D3,FI1D1_FI1D3,1
FI1D1,FI1D8,FI1D1_FI1D8,1
FI1D1,FI1D2,FI1D1_FI1D2,1
FI1D1,NO0A2,FI1D1_NO0A2,1
FI1D1,NO060,FI1D1_NO060,1
FI1D1,NO074,FI1D1_NO074,1
FI1D1,DK050,FI1D1_DK050,1
FI1D1,NO0A1,FI1D1_NO0A1,1
FI1D1,NO081,FI1D1_NO081,1
FI1D1,SE122,FI1D1_SE122,1
FI1D1,LV009,FI1D1_LV009,1
FI1D1,LT021,FI1D1_LT021,1
FI1D1,LT025,FI1D1_LT025,1
FI1D1,LV006,FI1D1_LV006,1
FI1D1,IS001,FI1D1_IS001,1
FI1D1,LV005,FI1D1_LV005,1
FI1D1,LV008,FI1D1_LV008,1
FI1D1,LT022,FI1D1_LT022,1
FI1D1,LV003,FI1D1_LV003,1
FI1D1,FI1D5,FI1D1_FI1D5,1
FI1D1,SE213,FI1D1_SE213,1
FI1D1,FI1D9,FI1D1_FI1D9,1
FI1D1,FI1C5,FI1D1_FI1C5,1
FI1D1,LT023,FI1D1_LT023,1
FI1D1,LT024,FI1D1_LT024,1
FI1D1,LT028,FI1D1_LT028,1
FI1D1,LT029,FI1D1_LT029,1
FI1D1,SE232,FI1D1_SE232,1
FI1D1,SE331,FI1D1_SE331,1
FI1D1,SE322,FI1D1_SE322,1
FI1D1,SE332,FI1D1_SE332,1
FI1D1,SE124,FI1D1_SE124,1
FI1D1,SE125,FI1D1_SE125,1
FI1D1,SE123,FI1D1_SE123,1
FI1D1,SE231,FI1D1_SE231,1
FI1D1,SE321,FI1D1_SE321,1
FI1D1,SE312,FI1D1_SE312,1
FI1D1,SE221,FI1D1_SE221,1
FI1D1,SE211,FI1D1_SE211,1
FI1D1,LT011,FI1D1_LT011,1
FI1D1,SE313,FI1D1_SE313,1
FI1D1,SE224,FI1D1_SE224,1
FI1D1,SE311,FI1D1_SE311,1
FI1D1,SE110,FI1D1_SE110,1
FI1D1,SE121,FI1D1_SE121,1
FI1D1,SE214,FI1D1_SE214,1
FI1D1,SE212,FI1D1_SE212,1
FI1D1,NO0A3,FI1D1_NO0A3,1
FI1D1,NO071,FI1D1_NO071,1
FI1D1,NO0B1,FI1D1_NO0B1,1
FI1D1,EE009,FI1D1_EE009,1
FI1D1,NO0B2,FI1D1_NO0B2,1
FI1D3,FI1D8,FI1D3_FI1D8,1
FI1D3,FI1D2,FI1D3_FI1D2,1
FI1D3,NO0A2,FI1D3_NO0A2,1
FI1D3,NO060,FI1D3_NO060,1
FI1D3,NO074,FI1D3_NO074,1
FI1D3,DK050,FI1D3_DK050,1
FI1D3,NO0A1,FI1D3_NO0A1,1
FI1D3,NO081,FI1D3_NO081,1
FI1D3,SE122,FI1D3_SE122,1
FI1D3,LV009,FI1D3_LV009,1
FI1D3,LT021,FI1D3_LT021,1
FI1D3,LT025,FI1D3_LT025,1
FI1D3,LV006,FI1D3_LV006,1
FI1D3,IS001,FI1D3_IS001,1
FI1D3,LV005,FI1D3_LV005,1
FI1D3,LV008,FI1D3_LV008,1
FI1D3,LT022,FI1D3_LT022,1
FI1D3,LV003,FI1D3_LV003,1
FI1D3,FI1D5,FI1D3_FI1D5,1
FI1D3,SE213,FI1D3_SE213,1
FI1D3,FI1D9,FI1D3_FI1D9,1
FI1D3,FI1C5,FI1D3_FI1C5,1
FI1D3,LT023,FI1D3_LT023,1
FI1D3,LT024,FI1D3_LT024,1
FI1D3,LT028,FI1D3_LT028,1
FI1D3,LT029,FI1D3_LT029,1
FI1D3,SE232,FI1D3_SE232,1
FI1D3,SE331,FI1D3_SE331,1
FI1D3,SE322,FI1D3_SE322,1
FI1D3,SE332,FI1D3_SE332,1
FI1D3,SE124,FI1D3_SE124,1
FI1D3,SE125,FI1D3_SE125,1
FI1D3,SE123,FI1D3_SE123,1
FI1D3,SE231,FI1D3_SE231,1
FI1D3,SE321,FI1D3_SE321,1
FI1D3,SE312,FI1D3_SE312,1
FI1D3,SE221,FI1D3_SE221,1
FI1D3,SE211,FI1D3_SE211,1
FI1D3,LT011,FI1D3_LT011,1
FI1D3,SE313,FI1D3_SE313,1
FI1D3,SE224,FI1D3_SE224,1
FI1D3,SE311,FI1D3_SE311,1
FI1D3,SE110,FI1D3_SE110,1
FI1D3,SE121,FI1D3_SE121,1
FI1D3,SE214,FI1D3_SE214,1
FI1D3,SE212,FI1D3_SE212,1
FI1D3,NO0A3,FI1D3_NO0A3,1
FI1D3,NO071,FI1D3_NO071,1
FI1D3,NO0B1,FI1D3_NO0B1,1
FI1D3,EE009,FI1D3_EE009,1
FI1D3,NO0B2,FI1D3_NO0B2,1
FI1D8,FI1D2,FI1D8_FI1D2,1
FI1D8,NO0A2,FI1D8_NO0A2,1
FI1D8,NO060,FI1D8_NO060,1
FI1D8,NO074,FI1D8_NO074,1
FI1D8,DK050,FI1D8_DK050,1
FI1D8,NO0A1,FI1D8_NO0A1,1
FI1D8,NO081,FI1D8_NO081,1
FI1D8,SE122,FI1D8_SE122,1
FI1D8,LV009,FI1D8_LV009,1
FI1D8,LT021,FI1D8_LT021,1
FI1D8,LT025,FI1D8_LT025,1
FI1D8,LV006,FI1D8_LV006,1
FI1D8,IS001,FI1D8_IS001,1
FI1D8,LV005,FI1D8_LV005,1
FI1D8,LV008,FI1D8_LV008,1
FI1D8,LT022,FI1D8_LT022,1
FI1D8,LV003,FI1D8_LV003,1
FI1D8,FI1D5,FI1D8_FI1D5,1
FI1D8,SE213,FI1D8_SE213,1
FI1D8,FI1D9,FI1D8_FI1D9,1
FI1D8,FI1C5,FI1D8_FI1C5,1
FI1D8,LT023,FI1D8_LT023,1
FI1D8,LT024,FI1D8_LT024,1
FI1D8,LT028,FI1D8_LT028,1
FI1D8,LT029,FI1D8_LT029,1
FI1D8,SE232,FI1D8_SE232,1
FI1D8,SE331,FI1D8_SE331,1
FI1D8,SE322,FI1D8_SE322,1
FI1D8,SE332,FI1D8_SE332,1
FI1D8,SE124,FI1D8_SE124,1
FI1D8,SE125,FI1D8_SE125,1
FI1D8,SE123,FI1D8_SE123,1
FI1D8,SE231,FI1D8_SE231,1
FI1D8,SE321,FI1D8_SE321,1
FI1D8,SE312,FI1D8_SE312,1
FI1D8,SE221,FI1D8_SE221,1
FI1D8,SE211,FI1D8_SE211,1
FI1D8,LT011,FI1D8_LT011,1
FI1D8,SE313,FI1D8_SE313,1
FI1D8,SE224,FI1D8_SE224,1
FI1D8,SE311,FI1D8_SE311,1
FI1D8,SE110,FI1D8_SE110,1
FI1D8,SE121,FI1D8_SE121,1
FI1D8,SE214,FI1D8_SE214,1
FI1D8,SE212,FI1D8_SE212,1
FI1D8,NO0A3,FI1D8_NO0A3,1
FI1D8,NO071,FI1D8_NO071,1
FI1D8,NO0B1,FI1D8_NO0B1,1
FI1D8,EE009,FI1D8_EE009,1
FI1D8,NO0B2,FI1D8_NO0B2,1
FI1D2,NO0A2,FI1D2_NO0A2,1
FI1D2,NO060,FI1D2_NO060,1
FI1D2,NO074,FI1D2_NO074,1
FI1D2,DK050,FI1D2_DK050,1
FI1D2,NO0A1,FI1D2_NO0A1,1
FI1D2,NO081,FI1D2_NO081,1
FI1D2,SE122,FI1D2_SE122,1
FI1D2,LV009,FI1D2_LV009,1
FI1D2,LT021,FI1D2_LT021,1
FI1D2,LT025,FI1D2_LT025,1
FI1D2,LV006,FI1D2_LV006,1
FI1D2,IS001,FI1D2_IS001,1
FI1D2,LV005,FI1D2_LV005,1
FI1D2,LV008,FI1D2_LV008,1
FI1D2,LT022,FI1D2_LT022,1
FI1D2,LV003,FI1D2_LV003,1
FI1D2,FI1D5,FI1D2_FI1D5,1
FI1D2,SE213,FI1D2_SE213,1
FI1D2,FI1D9,FI1D2_FI1D9,1
FI1D2,FI1C5,FI1D2_FI1C5,1
FI1D2,LT023,FI1D2_LT023,1
FI1D2,LT024,FI1D2_LT024,1
FI1D2,LT028,FI1D2_LT028,1
FI1D2,LT029,FI1D2_LT029,1
FI1D2,SE232,FI1D2_SE232,1
FI1D2,SE331,FI1D2_SE331,1
FI1D2,SE322,FI1D2_SE322,1
FI1D2,SE332,FI1D2_SE332,1
FI1D2,SE124,FI1D2_SE124,1
FI1D2,SE125,FI1D2_SE125,1
FI1D2,SE123,FI1D2_SE123,1
FI1D2,SE231,FI1D2_SE231,1
FI1D2,SE321,FI1D2_SE321,1
FI1D2,SE312,FI1D2_SE312,1
FI1D2,SE221,FI1D2_SE221,1
FI1D2,SE211,FI1D2_SE211,1
FI1D2,LT011,FI1D2_LT011,1
FI1D2,SE313,FI1D2_SE313,1
FI1D2,SE224,FI1D2_SE224,1
FI1D2,SE311,FI1D2_SE311,1
FI1D2,SE110,FI1D2_SE110,1
FI1D2,SE121,FI1D2_SE121,1
FI1D2,SE214,FI1D2_SE214,1
FI1D2,SE212,FI1D2_SE212,1
FI1D2,NO0A3,FI1D2_NO0A3,1
FI1D2,NO071,FI1D2_NO071,1
FI1D2,NO0B1,FI1D2_NO0B1,1
FI1D2,EE009,FI1D2_EE009,1
FI1D2,NO0B2,FI1D2_NO0B2,1
NO0A2,NO060,NO0A2_NO060,1
NO0A2,NO074,NO0A2_NO074,1
NO0A2,DK050,NO0A2_DK050,1
NO0A2,NO0A1,NO0A2_NO0A1,1
NO0A2,NO081,NO0A2_NO081,1
NO0A2,SE122,NO0A2_SE122,1
NO0A2,LV009,NO0A2_LV009,1
NO0A2,LT021,NO0A2_LT021,1
NO0A2,LT025,NO0A2_LT025,1
NO0A2,LV006,NO0A2_LV006,1
NO0A2,IS001,NO0A2_IS001,1
NO0A2,LV005,NO0A2_LV005,1
NO0A2,LV008,NO0A2_LV008,1
NO0A2,LT022,NO0A2_LT022,1
NO0A2,LV003,NO0A2_LV003,1
NO0A2,FI1D5,NO0A2_FI1D5,1
NO0A2,SE213,NO0A2_SE213,1
NO0A2,FI1D9,NO0A2_FI1D9,1
NO0A2,FI1C5,NO0A2_FI1C5,1
NO0A2,LT023,NO0A2_LT023,1
NO0A2,LT024,NO0A2_LT024,1
NO0A2,LT028,NO0A2_LT028,1
NO0A2,LT029,NO0A2_LT029,1
NO0A2,SE232,NO0A2_SE232,1
NO0A2,SE331,NO0A2_SE331,1
NO0A2,SE322,NO0A2_SE322,1
NO0A2,SE332,NO0A2_SE332,1
NO0A2,SE124,NO0A2_SE124,1
NO0A2,SE125,NO0A2_SE125,1
NO0A2,SE123,NO0A2_SE123,1
NO0A2,SE231,NO0A2_SE231,1
NO0A2,SE321,NO0A2_SE321,1
NO0A2,SE312,NO0A2_SE312,1
NO0A2,SE221,NO0A2_SE221,1
NO0A2,SE211,NO0A2_SE211,1
NO0A2,LT011,NO0A2_LT011,1
NO0A2,SE313,NO0A2_SE313,1
NO0A2,SE224,NO0A2_SE224,1
NO0A2,SE311,NO0A2_SE311,1
NO0A2,SE110,NO0A2_SE110,1
NO0A2,SE121,NO0A2_SE121,1
NO0A2,SE214,NO0A2_SE214,1
NO0A2,SE212,NO0A2_SE212,1
NO0A2,NO0A3,NO0A2_NO0A3,1
NO0A2,NO071,NO0A2_NO071,1
NO0A2,NO0B1,NO0A2_NO0B1,1
NO0A2,EE009,NO0A2_EE009,1
NO0A2,NO0B2,NO0A2_NO0B2,1
NO060,NO074,NO060_NO074,1
NO060,DK050,NO060_DK050,1
NO060,NO0A1,NO060_NO0A1,1
NO060,NO081,NO060_NO081,1
NO060,SE122,NO060_SE122,1
NO060,LV009,NO060_LV009,1
NO060,LT021,NO060_LT021,1
NO060,LT025,NO060_LT025,1
NO060,LV006,NO060_LV006,1
NO060,IS001,NO060_IS001,1
NO060,LV005,NO060_LV005,1
NO060,LV008,NO060_LV008,1
NO060,LT022,NO060_LT022,1
NO060,LV003,NO060_LV003,1
NO060,FI1D5,NO060_FI1D5,1
NO060,SE213,NO060_SE213,1
NO060,FI1D9,NO060_FI1D9,1
NO060,FI1C5,NO060_FI1C5,1
NO060,LT023,NO060_LT023,1
NO060,LT024,NO060_LT024,1
NO060,LT028,NO060_LT028,1
NO060,LT029,NO060_LT029,1
NO060,SE232,NO060_SE232,1
NO060,SE331,NO060_SE331,1
NO060,SE322,NO060_SE322,1
NO060,SE332,NO060_SE332,1
NO060,SE124,NO060_SE124,1
NO060,SE125,NO060_SE125,1
NO060,SE123,NO060_SE123,1
NO060,SE231,NO060_SE231,1
NO060,SE321,NO060_SE321,1
NO060,SE312,NO060_SE312,1
NO060,SE221,NO060_SE221,1
NO060,SE211,NO060_SE211,1
NO060,LT011,NO060_LT011,1
NO060,SE313,NO060_SE313,1
NO060,SE224,NO060_SE224,1
NO060,SE311,NO060_SE311,1
NO060,SE110,NO060_SE110,1
NO060,SE121,NO060_SE121,1
NO060,SE214,NO060_SE214,1
NO060,SE212,NO060_SE212,1
NO060,NO0A3,NO060_NO0A3,1
NO060,NO071,NO060_NO071,1
NO060,NO0B1,NO060_NO0B1,1
NO060,EE009,NO060_EE009,1
NO060,NO0B2,NO060_NO0B2,1
NO074,DK050,NO074_DK050,1
NO074,NO0A1,NO074_NO0A1,1
NO074,NO081,NO074_NO081,1
NO074,SE122,NO074_SE122,1
NO074,LV009,NO074_LV009,1
NO074,LT021,NO074_LT021,1
NO074,LT025,NO074_LT025,1
NO074,LV006,NO074_LV006,1
NO074,IS001,NO074_IS001,1
NO074,LV005,NO074_LV005,1
NO074,LV008,NO074_LV008,1
NO074,LT022,NO074_LT022,1
NO074,LV003,NO074_LV003,1
NO074,FI1D5,NO074_FI1D5,1
NO074,SE213,NO074_SE213,1
NO074,FI1D9,NO074_FI1D9,1
NO074,FI1C5,NO074_FI1C5,1
NO074,LT023,NO074_LT023,1
NO074,LT024,NO074_LT024,1
NO074,LT028,NO074_LT028,1
NO074,LT029,NO074_LT029,1
NO074,SE232,NO074_SE232,1
NO074,SE331,NO074_SE331,1
NO074,SE322,NO074_SE322,1
NO074,SE332,NO074_SE332,1
NO074,SE124,NO074_SE124,1
NO074,SE125,NO074_SE125,1
NO074,SE123,NO074_SE123,1
NO074,SE231,NO074_SE231,1
NO074,SE321,NO074_SE321,1
NO074,SE312,NO074_SE312,1
NO074,SE221,NO074_SE221,1
NO074,SE211,NO074_SE211,1
NO074,LT011,NO074_LT011,1
NO074,SE313,NO074_SE313,1
NO074,SE224,NO074_SE224,1
NO074,SE311,NO074_SE311,1
NO074,SE110,NO074_SE110,1
NO074,SE121,NO074_SE121,1
NO074,SE214,NO074_SE214,1
NO074,SE212,NO074_SE212,1
NO074,NO0A3,NO074_NO0A3,1
NO074,NO071,NO074_NO071,1
NO074,NO0B1,NO074_NO0B1,1
NO074,EE009,NO074_EE009,1
NO074,NO0B2,NO074_NO0B2,1
DK050,NO0A1,DK050_NO0A1,1
DK050,NO081,DK050_NO081,1
DK050,SE122,DK050_SE122,1
DK050,LV009,DK050_LV009,1
DK050,LT021,DK050_LT021,1
DK050,LT025,DK050_LT025,1
DK050,LV006,DK050_LV006,1
DK050,IS001,DK050_IS001,1
DK050,LV005,DK050_LV005,1
DK050,LV008,DK050_LV008,1
DK050,LT022,DK050_LT022,1
DK050,LV003,DK050_LV003,1
DK050,FI1D5,DK050_FI1D5,1
DK050,SE213,DK050_SE213,1
DK050,FI1D9,DK050_FI1D9,1
DK050,FI1C5,DK050_FI1C5,1
DK050,LT023,DK050_LT023,1
DK050,LT024,DK050_LT024,1
DK050,LT028,DK050_LT028,1
DK050,LT029,DK050_LT029,1
DK050,SE232,DK050_SE232,1
DK050,SE331,DK050_SE331,1
DK050,SE322,DK050_SE322,1
DK050,SE332,DK050_SE332,1
DK050,SE124,DK050_SE124,1
DK050,SE125,DK050_SE125,1
DK050,SE123,DK050_SE123,1
DK050,SE231,DK050_SE231,1
DK050,SE321,DK050_SE321,1
DK050,SE312,DK050_SE312,1
DK050,SE221,DK050_SE221,1
DK050,SE211,DK050_SE211,1
DK050,LT011,DK050_LT011,1
DK050,SE313,DK050_SE313,1
DK050,SE224,DK050_SE224,1
DK050,SE311,DK050_SE311,1
DK050,SE110,DK050_SE110,1
DK050,SE121,DK050_SE121,1
DK050,SE214,DK050_SE214,1
DK050,SE212,DK050_SE212,1
DK050,NO0A3,DK050_NO0A3,1
DK050,NO071,DK050_NO071,1
DK050,NO0B1,DK050_NO0B1,1
DK050,EE009,DK050_EE009,1
DK050,NO0B2,DK050_NO0B2,1
NO0A1,NO081,NO0A1_NO081,1
NO0A1,SE122,NO0A1_SE122,1
NO0A1,LV009,NO0A1_LV009,1
NO0A1,LT021,NO0A1_LT021,1
NO0A1,LT025,NO0A1_LT025,1
NO0A1,LV006,NO0A1_LV006,1
NO0A1,IS001,NO0A1_IS001,1
NO0A1,LV005,NO0A1_LV005,1
NO0A1,LV008,NO0A1_LV008,1
NO0A1,LT022,NO0A1_LT022,1
NO0A1,LV003,NO0A1_LV003,1
NO0A1,FI1D5,NO0A1_FI1D5,1
NO0A1,SE213,NO0A1_SE213,1
NO0A1,FI1D9,NO0A1_FI1D9,1
NO0A1,FI1C5,NO0A1_FI1C5,1
NO0A1,LT023,NO0A1_LT023,1
NO0A1,LT024,NO0A1_LT024,1
NO0A1,LT028,NO0A1_LT028,1
NO0A1,LT029,NO0A1_LT029,1
NO0A1,SE232,NO0A1_SE232,1
NO0A1,SE331,NO0A1_SE331,1
NO0A1,SE322,NO0A1_SE322,1
NO0A1,SE332,NO0A1_SE332,1
NO0A1,SE124,NO0A1_SE124,1
NO0A1,SE125,NO0A1_SE125,1
NO0A1,SE123,NO0A1_SE123,1
NO0A1,SE231,NO0A1_SE231,1
NO0A1,SE321,NO0A1_SE321,1
NO0A1,SE312,NO0A1_SE312,1
NO0A1,SE221,NO0A1_SE221,1
NO0A1,SE211,NO0A1_SE211,1
NO0A1,LT011,NO0A1_LT011,1
NO0A1,SE313,NO0A1_SE313,1
NO0A1,SE224,NO0A1_SE224,1
NO0A1,SE311,NO0A1_SE311,1
NO0A1,SE110,NO0A1_SE110,1
NO0A1,SE121,NO0A1_SE121,1
NO0A1,SE214,NO0A1_SE214,1
NO0A1,SE212,NO0A1_SE212,1
NO0A1,NO0A3,NO0A1_NO0A3,1
NO0A1,NO071,NO0A1_NO071,1
NO0A1,NO0B1,NO0A1_NO0B1,1
NO0A1,EE009,NO0A1_EE009,1
NO0A1,NO0B2,NO0A1_NO0B2,1
NO081,SE122,NO081_SE122,1
NO081,LV009,NO081_LV009,1
NO081,LT021,NO081_LT021,1
NO081,LT025,NO081_LT025,1
NO081,LV006,NO081_LV006,1
NO081,IS001,NO081_IS001,1
NO081,LV005,NO081_LV005,1
NO081,LV008,NO081_LV008,1
NO081,LT022,NO081_LT022,1
NO081,LV003,NO081_LV003,1
NO081,FI1D5,NO081_FI1D5,1
NO081,SE213,NO081_SE213,1
NO081,FI1D9,NO081_FI1D9,1
NO081,FI1C5,NO081_FI1C5,1
NO081,LT023,NO081_LT023,1
NO081,LT024,NO081_LT024,1
NO081,LT028,NO081_LT028,1
NO081,LT029,NO081_LT029,1
NO081,SE232,NO081_SE232,1
NO081,SE331,NO081_SE331,1
NO081,SE322,NO081_SE322,1
NO081,SE332,NO081_SE332,1
NO081,SE124,NO081_SE124,1
NO081,SE125,NO081_SE125,1
NO081,SE123,NO081_SE123,1
NO081,SE231,NO081_SE231,1
NO081,SE321,NO081_SE321,1
NO081,SE312,NO081_SE312,1
NO081,SE221,NO081_SE221,1
NO081,SE211,NO081_SE211,1
NO081,LT011,NO081_LT011,1
NO081,SE313,NO081_SE313,1
NO081,SE224,NO081_SE224,1
NO081,SE311,NO081_SE311,1
NO081,SE110,NO081_SE110,1
NO081,SE121,NO081_SE121,1
NO081,SE214,NO081_SE214,1
NO081,SE212,NO081_SE212,1
NO081,NO0A3,NO081_NO0A3,1
NO081,NO071,NO081_NO071,1
NO081,NO0B1,NO081_NO0B1,1
NO081,EE009,NO081_EE009,1
NO081,NO0B2,NO081_NO0B2,1
SE122,LV009,SE122_LV009,1
SE122,LT021,SE122_LT021,1
SE122,LT025,SE122_LT025,1
SE122,LV006,SE122_LV006,1
SE122,IS001,SE122_IS001,1
SE122,LV005,SE122_LV005,1
SE122,LV008,SE122_LV008,1
SE122,LT022,SE122_LT022,1
SE122,LV003,SE122_LV003,1
SE122,FI1D5,SE122_FI1D5,1
SE122,SE213,SE122_SE213,1
SE122,FI1D9,SE122_FI1D9,1
SE122,FI1C5,SE122_FI1C5,1
SE122,LT023,SE122_LT023,1
SE122,LT024,SE122_LT024,1
SE122,LT028,SE122_LT028,1
SE122,LT029,SE122_LT029,1
SE122,SE232,SE122_SE232,1
SE122,SE331,SE122_SE331,1
SE122,SE322,SE122_SE322,1
SE122,SE332,SE122_SE332,1
SE122,SE124,SE122_SE124,1
SE122,SE125,SE122_SE125,1
SE122,SE123,SE122_SE123,1
SE122,SE231,SE122_SE231,1
SE122,SE321,SE122_SE321,1
SE122,SE312,SE122_SE312,1
SE122,SE221,SE122_SE221,1
SE122,SE211,SE122_SE211,1
SE122,LT011,SE122_LT011,1
SE122,SE313,SE122_SE313,1
SE122,SE224,SE122_SE224,1
SE122,SE311,SE122_SE311,1
SE122,SE110,SE122_SE110,1
SE122,SE121,SE122_SE121,1
SE122,SE214,SE122_SE214,1
SE122,SE212,SE122_SE212,1
SE122,NO0A3,SE122_NO0A3,1
SE122,NO071,SE122_NO071,1
SE122,NO0B1,SE122_NO0B1,1
SE122,EE009,SE122_EE009,1
SE122,NO0B2,SE122_NO0B2,1
LV009,LT021,LV009_LT021,1
LV009,LT025,LV009_LT025,1
LV009,LV006,LV009_LV006,1
LV009,IS001,LV009_IS001,1
LV009,LV005,LV009_LV005,1
LV009,LV008,LV009_LV008,1
LV009,LT022,LV009_LT022,1
LV009,LV003,LV009_LV003,1
LV009,FI1D5,LV009_FI1D5,1
LV009,SE213,LV009_SE213,1
LV009,FI1D9,LV009_FI1D9,1
LV009,FI1C5,LV009_FI1C5,1
LV009,LT023,LV009_LT023,1
LV009,LT024,LV009_LT024,1
LV009,LT028,LV009_LT028,1
LV009,LT029,LV009_LT029,1
LV009,SE232,LV009_SE232,1
LV009,SE331,LV009_SE331,1
LV009,SE322,LV009_SE322,1
LV009,SE332,LV009_SE332,1
LV009,SE124,LV009_SE124,1
LV009,SE125,LV009_SE125,1
LV009,SE123,LV009_SE123,1
LV009,SE231,LV009_SE231,1
LV009,SE321,LV009_SE321,1
LV009,SE312,LV009_SE312,1
LV009,SE221,LV009_SE221,1
LV009,SE211,LV009_SE211,1
LV009,LT011,LV009_LT011,1
LV009,SE313,LV009_SE313,1
LV009,SE224,LV009_SE224,1
LV009,SE311,LV009_SE311,1
LV009,SE110,LV009_SE110,1
LV009,SE121,LV009_SE121,1
LV009,SE214,LV009_SE214,1
LV009,SE212,LV009_SE212,1
LV009,NO0A3,LV009_NO0A3,1
LV009,NO071,LV009_NO071,1
LV009,NO0B1,LV009_NO0B1,1
LV009,EE009,LV009_EE009,1
LV009,NO0B2,LV009_NO0B2,1
LT021,LT025,LT021_LT025,1
LT021,LV006,LT021_LV006,1
LT021,IS001,LT021_IS001,1
LT021,LV005,LT021_LV005,1
LT021,LV008,LT021_LV008,1
LT021,LT022,LT021_LT022,1
LT021,LV003,LT021_LV003,1
LT021,FI1D5,LT021_FI1D5,1
LT021,SE213,LT021_SE213,1
LT021,FI1D9,LT021_FI1D9,1
LT021,FI1C5,LT021_FI1C5,1
LT021,LT023,LT021_LT023,1
LT021,LT024,LT021_LT024,1
LT021,LT028,LT021_LT028,1
LT021,LT029,LT021_LT029,1
LT021,SE232,LT021_SE232,1
LT021,SE331,LT021_SE331,1
LT021,SE322,LT021_SE322,1
LT021,SE332,LT021_SE332,1
LT021,SE124,LT021_SE124,1
LT021,SE125,LT021_SE125,1
LT021,SE123,LT021_SE123,1
LT021,SE231,LT021_SE231,1
LT021,SE321,LT021_SE321,1
LT021,SE312,LT021_SE312,1
LT021,SE221,LT021_SE221,1
LT021,SE211,LT021_SE211,1
LT021,LT011,LT021_LT011,1
LT021,SE313,LT021_SE313,1
LT021,SE224,LT021_SE224,1
LT021,SE311,LT021_SE311,1
LT021,SE110,LT021_SE110,1
LT021,SE121,LT021_SE121,1
LT021,SE214,LT021_SE214,1
LT021,SE212,LT021_SE212,1
LT021,NO0A3,LT021_NO0A3,1
LT021,NO071,LT021_NO071,1
LT021,NO0B1,LT021_NO0B1,1
LT021,EE009,LT021_EE009,1
LT021,NO0B2,LT021_NO0B2,1
LT025,LV006,LT025_LV006,1
LT025,IS001,LT025_IS001,1
LT025,LV005,LT025_LV005,1
LT025,LV008,LT025_LV008,1
LT025,LT022,LT025_LT022,1
LT025,LV003,LT025_LV003,1
LT025,FI1D5,LT025_FI1D5,1
LT025,SE213,LT025_SE213,1
LT025,FI1D9,LT025_FI1D9,1
LT025,FI1C5,LT025_FI1C5,1
LT025,LT023,LT025_LT023,1
LT025,LT024,LT025_LT024,1
LT025,LT028,LT025_LT028,1
LT025,LT029,LT025_LT029,1
LT025,SE232,LT025_SE232,1
LT025,SE331,LT025_SE331,1
LT025,SE322,LT025_SE322,1
LT025,SE332,LT025_SE332,1
LT025,SE124,LT025_SE124,1
LT025,SE125,LT025_SE125,1
LT025,SE123,LT025_SE123,1
LT025,SE231,LT025_SE231,1
LT025,SE321,LT025_SE321,1
LT025,SE312,LT025_SE312,1
LT025,SE221,LT025_SE221,1
LT025,SE211,LT025_SE211,1
LT025,LT011,LT025_LT011,1
LT025,SE313,LT025_SE313,1
LT025,SE224,LT025_SE224,1
LT025,SE311,LT025_SE311,1
LT025,SE110,LT025_SE110,1
LT025,SE121,LT025_SE121,1
LT025,SE214,LT025_SE214,1
LT025,SE212,LT025_SE212,1
LT025,NO0A3,LT025_NO0A3,1
LT025,NO071,LT025_NO071,1
LT025,NO0B1,LT025_NO0B1,1
LT025,EE009,LT025_EE009,1
LT025,NO0B2,LT025_NO0B2,1
LV006,IS001,LV006_IS001,1
LV006,LV005,LV006_LV005,1
LV006,LV008,LV006_LV008,1
LV006,LT022,LV006_LT022,1
LV006,LV003,LV006_LV003,1
LV006,FI1D5,LV006_FI1D5,1
LV006,SE213,LV006_SE213,1
LV006,FI1D9,LV006_FI1D9,1
LV006,FI1C5,LV006_FI1C5,1
LV006,LT023,LV006_LT023,1
LV006,LT024,LV006_LT024,1
LV006,LT028,LV006_LT028,1
LV006,LT029,LV006_LT029,1
LV006,SE232,LV006_SE232,1
LV006,SE331,LV006_SE331,1
LV006,SE322,LV006_SE322,1
LV006,SE332,LV006_SE332,1
LV006,SE124,LV006_SE124,1
LV006,SE125,LV006_SE125,1
LV006,SE123,LV006_SE123,1
LV006,SE231,LV006_SE231,1
LV006,SE321,LV006_SE321,1
LV006,SE312,LV006_SE312,1
LV006,SE221,LV006_SE221,1
LV006,SE211,LV006_SE211,1
LV006,LT011,LV006_LT011,1
LV006,SE313,LV006_SE313,1
LV006,SE224,LV006_SE224,1
LV006,SE311,LV006_SE311,1
LV006,SE110,LV006_SE110,1
LV006,SE121,LV006_SE121,1
LV006,SE214,LV006_SE214,1
LV006,SE212,LV006_SE212,1
LV006,NO0A3,LV006_NO0A3,1
LV006,NO071,LV006_NO071,1
LV006,NO0B1,LV006_NO0B1,1
LV006,EE009,LV006_EE009,1
LV006,NO0B2,LV006_NO0B2,1
IS001,LV005,IS001_LV005,1
IS001,LV008,IS001_LV008,1
IS001,LT022,IS001_LT022,1
IS001,LV003,IS001_LV003,1
IS001,FI1D5,IS001_FI1D5,1
IS001,SE213,IS001_SE213,1
IS001,FI1D9,IS001_FI1D9,1
IS001,FI1C5,IS001_FI1C5,1
IS001,LT023,IS001_LT023,1
IS001,LT024,IS001_LT024,1
IS001,LT028,IS001_LT028,1
IS001,LT029,IS001_LT029,1
IS001,SE232,IS001_SE232,1
IS001,SE331,IS001_SE331,1
IS001,SE322,IS001_SE322,1
IS001,SE332,IS001_SE332,1
IS001,SE124,IS001_SE124,1
IS001,SE125,IS001_SE125,1
IS001,SE123,IS001_SE123,1
IS001,SE231,IS001_SE231,1
IS001,SE321,IS001_SE321,1
IS001,SE312,IS001_SE312,1
IS001,SE221,IS001_SE221,1
IS001,SE211,IS001_SE211,1
IS001,LT011,IS001_LT011,1
IS001,SE313,IS001_SE313,1
IS001,SE224,IS001_SE224,1
IS001,SE311,IS001_SE311,1
IS001,SE110,IS001_SE110,1
IS001,SE121,IS001_SE121,1
IS001,SE214,IS001_SE214,1
IS001,SE212,IS001_SE212,1
IS001,NO0A3,IS001_NO0A3,1
IS001,NO071,IS001_NO071,1
IS001,NO0B1,IS001_NO0B1,1
IS001,EE009,IS001_EE009,1
IS001,NO0B2,IS001_NO0B2,1
LV005,LV008,LV005_LV008,1
LV005,LT022,LV005_LT022,1
LV005,LV003,LV005_LV003,1
LV005,FI1D5,LV005_FI1D5,1
LV005,SE213,LV005_SE213,1
LV005,FI1D9,LV005_FI1D9,1
LV005,FI1C5,LV005_FI1C5,1
LV005,LT023,LV005_LT023,1
LV005,LT024,LV005_LT024,1
LV005,LT028,LV005_LT028,1
LV005,LT029,LV005_LT029,1
LV005,SE232,LV005_SE232,1
LV005,SE331,LV005_SE331,1
LV005,SE322,LV005_SE322,1
LV005,SE332,LV005_SE332,1
LV005,SE124,LV005_SE124,1
LV005,SE125,LV005_SE125,1
LV005,SE123,LV005_SE123,1
LV005,SE231,LV005_SE231,1
LV005,SE321,LV005_SE321,1
LV005,SE312,LV005_SE312,1
LV005,SE221,LV005_SE221,1
LV005,SE211,LV005_SE211,1
LV005,LT011,LV005_LT011,1
LV005,SE313,LV005_SE313,1
LV005,SE224,LV005_SE224,1
LV005,SE311,LV005_SE311,1
LV005,SE110,LV005_SE110,1
LV005,SE121,LV005_SE121,1
LV005,SE214,LV005_SE214,1
LV005,SE212,LV005_SE212,1
LV005,NO0A3,LV005_NO0A3,1
LV005,NO071,LV005_NO071,1
LV005,NO0B1,LV005_NO0B1,1
LV005,EE009,LV005_EE009,1
LV005,NO0B2,LV005_NO0B2,1
LV008,LT022,LV008_LT022,1
LV008,LV003,LV008_LV003,1
LV008,FI1D5,LV008_FI1D5,1
LV008,SE213,LV008_SE213,1
LV008,FI1D9,LV008_FI1D9,1
LV008,FI1C5,LV008_FI1C5,1
LV008,LT023,LV008_LT023,1
LV008,LT024,LV008_LT024,1
LV008,LT028,LV008_LT028,1
LV008,LT029,LV008_LT029,1
LV008,SE232,LV008_SE232,1
LV008,SE331,LV008_SE331,1
LV008,SE322,LV008_SE322,1
LV008,SE332,LV008_SE332,1
LV008,SE124,LV008_SE124,1
LV008,SE125,LV008_SE125,1
LV008,SE123,LV008_SE123,1
LV008,SE231,LV008_SE231,1
LV008,SE321,LV008_SE321,1
LV008,SE312,LV008_SE312,1
LV008,SE221,LV008_SE221,1
LV008,SE211,LV008_SE211,1
LV008,LT011,LV008_LT011,1
LV008,SE313,LV008_SE313,1
LV008,SE224,LV008_SE224,1
LV008,SE311,LV008_SE311,1
LV008,SE110,LV008_SE110,1
LV008,SE121,LV008_SE121,1
LV008,SE214,LV008_SE214,1
LV008,SE212,LV008_SE212,1
LV008,NO0A3,LV008_NO0A3,1
LV008,NO071,LV008_NO071,1
LV008,NO0B1,LV008_NO0B1,1
LV008,EE009,LV008_EE009,1
LV008,NO0B2,LV008_NO0B2,1
LT022,LV003,LT022_LV003,1
LT022,FI1D5,LT022_FI1D5,1
LT022,SE213,LT022_SE213,1
LT022,FI1D9,LT022_FI1D9,1
LT022,FI1C5,LT022_FI1C5,1
LT022,LT023,LT022_LT023,1
LT022,LT024,LT022_LT024,1
LT022,LT028,LT022_LT028,1
LT022,LT029,LT022_LT029,1
LT022,SE232,LT022_SE232,1
LT022,SE331,LT022_SE331,1
LT022,SE322,LT022_SE322,1
LT022,SE332,LT022_SE332,1
LT022,SE124,LT022_SE124,1
LT022,SE125,LT022_SE125,1
LT022,SE123,LT022_SE123,1
LT022,SE231,LT022_SE231,1
LT022,SE321,LT022_SE321,1
LT022,SE312,LT022_SE312,1
LT022,SE221,LT022_SE221,1
LT022,SE211,LT022_SE211,1
LT022,LT011,LT022_LT011,1
LT022,SE313,LT022_SE313,1
LT022,SE224,LT022_SE224,1
LT022,SE311,LT022_SE311,1
LT022,SE110,LT022_SE110,1
LT022,SE121,LT022_SE121,1
LT022,SE214,LT022_SE214,1
LT022,SE212,LT022_SE212,1
LT022,NO0A3,LT022_NO0A3,1
LT022,NO071,LT022_NO071,1
LT022,NO0B1,LT022_NO0B1,1
LT022,EE009,LT022_EE009,1
LT022,NO0B2,LT022_NO0B2,1
LV003,FI1D5,LV003_FI1D5,1
LV003,SE213,LV003_SE213,1
LV003,FI1D9,LV003_FI1D9,1
LV003,FI1C5,LV003_FI1C5,1
LV003,LT023,LV003_LT023,1
LV003,LT024,LV003_LT024,1
LV003,LT028,LV003_LT028,1
LV003,LT029,LV003_LT029,1
LV003,SE232,LV003_SE232,1
LV003,SE331,LV003_SE331,1
LV003,SE322,LV003_SE322,1
LV003,SE332,LV003_SE332,1
LV003,SE124,LV003_SE124,1
LV003,SE125,LV003_SE125,1
LV003,SE123,LV003_SE123,1
LV003,SE231,LV003_SE231,1
LV003,SE321,LV003_SE321,1
LV003,SE312,LV003_SE312,1
LV003,SE221,LV003_SE221,1
LV003,SE211,LV003_SE211,1
LV003,LT011,LV003_LT011,1
LV003,SE313,LV003_SE313,1
LV003,SE224,LV003_SE224,1
LV003,SE311,LV003_SE311,1
LV003,SE110,LV003_SE110,1
LV003,SE121,LV003_SE121,1
LV003,SE214,LV003_SE214,1
LV003,SE212,LV003_SE212,1
LV003,NO0A3,LV003_NO0A3,1
LV003,NO071,LV003_NO071,1
LV003,NO0B1,LV003_NO0B1,1
LV003,EE009,LV003_EE009,1
LV003,NO0B2,LV003_NO0B2,1
FI1D5,SE213,FI1D5_SE213,1
FI1D5,FI1D9,FI1D5_FI1D9,1
FI1D5,FI1C5,FI1D5_FI1C5,1
FI1D5,LT023,FI1D5_LT023,1
FI1D5,LT024,FI1D5_LT024,1
FI1D5,LT028,FI1D5_LT028,1
FI1D5,LT029,FI1D5_LT029,1
FI1D5,SE232,FI1D5_SE232,1
FI1D5,SE331,FI1D5_SE331,1
FI1D5,SE322,FI1D5_SE322,1
FI1D5,SE332,FI1D5_SE332,1
FI1D5,SE124,FI1D5_SE124,1
FI1D5,SE125,FI1D5_SE125,1
FI1D5,SE123,FI1D5_SE123,1
FI1D5,SE231,FI1D5_SE231,1
FI1D5,SE321,FI1D5_SE321,1
FI1D5,SE312,FI1D5_SE312,1
FI1D5,SE221,FI1D5_SE221,1
FI1D5,SE211,FI1D5_SE211,1
FI1D5,LT011,FI1D5_LT011,1
FI1D5,SE313,FI1D5_SE313,1
FI1D5,SE224,FI1D5_SE224,1
FI1D5,SE311,FI1D5_SE311,1
FI1D5,SE110,FI1D5_SE110,1
FI1D5,SE121,FI1D5_SE121,1
FI1D5,SE214,FI1D5_SE214,1
FI1D5,SE212,FI1D5_SE212,1
FI1D5,NO0A3,FI1D5_NO0A3,1
FI1D5,NO071,FI1D5_NO071,1
FI1D5,NO0B1,FI1D5_NO0B1,1
FI1D5,EE009,FI1D5_EE009,1
FI1D5,NO0B2,FI1D5_NO0B2,1
SE213,FI1D9,SE213_FI1D9,1
SE213,FI1C5,SE213_FI1C5,1
SE213,LT023,SE213_LT023,1
SE213,LT024,SE213_LT024,1
SE213,LT028,SE213_LT028,1
SE213,LT029,SE213_LT029,1
SE213,SE232,SE213_SE232,1
SE213,SE331,SE213_SE331,1
SE213,SE322,SE213_SE322,1
SE213,SE332,SE213_SE332,1
SE213,SE124,SE213_SE124,1
SE213,SE125,SE213_SE125,1
SE213,SE123,SE213_SE123,1
SE213,SE231,SE213_SE231,1
SE213,SE321,SE213_SE321,1
SE213,SE312,SE213_SE312,1
SE213,SE221,SE213_SE221,1
SE213,SE211,SE213_SE211,1
SE213,LT011,SE213_LT011,1
SE213,SE313,SE213_SE313,1
SE213,SE224,SE213_SE224,1
SE213,SE311,SE213_SE311,1
SE213,SE110,SE213_SE110,1
SE213,SE121,SE213_SE121,1
SE213,SE214,SE213_SE214,1
SE213,SE212,SE213_SE212,1
SE213,NO0A3,SE213_NO0A3,1
SE213,NO071,SE213_NO071,1
SE213,NO0B1,SE213_NO0B1,1
SE213,EE009,SE213_EE009,1
SE213,NO0B2,SE213_NO0B2,1
FI1D9,FI1C5,FI1D9_FI1C5,1
FI1D9,LT023,FI1D9_LT023,1
FI1D9,LT024,FI1D9_LT024,1
FI1D9,LT028,FI1D9_LT028,1
FI1D9,LT029,FI1D9_LT029,1
FI1D9,SE232,FI1D9_SE232,1
FI1D9,SE331,FI1D9_SE331,1
FI1D9,SE322,FI1D9_SE322,1
FI1D9,SE332,FI1D9_SE332,1
FI1D9,SE124,FI1D9_SE124,1
FI1D9,SE125,FI1D9_SE125,1
FI1D9,SE123,FI1D9_SE123,1
FI1D9,SE231,FI1D9_SE231,1
FI1D9,SE321,FI1D9_SE321,1
FI1D9,SE312,FI1D9_SE312,1
FI1D9,SE221,FI1D9_SE221,1
FI1D9,SE211,FI1D9_SE211,1
FI1D9,LT011,FI1D9_LT011,1
FI1D9,SE313,FI1D9_SE313,1
FI1D9,SE224,FI1D9_SE224,1
FI1D9,SE311,FI1D9_SE311,1
FI1D9,SE110,FI1D9_SE110,1
FI1D9,SE121,FI1D9_SE121,1
FI1D9,SE214,FI1D9_SE214,1
FI1D9,SE212,FI1D9_SE212,1
FI1D9,NO0A3,FI1D9_NO0A3,1
FI1D9,NO071,FI1D9_NO071,1
FI1D9,NO0B1,FI1D9_NO0B1,1
FI1D9,EE009,FI1D9_EE009,1
FI1D9,NO0B2,FI1D9_NO0B2,1
FI1C5,LT023,FI1C5_LT023,1
FI1C5,LT024,FI1C5_LT024,1
FI1C5,LT028,FI1C5_LT028,1
FI1C5,LT029,FI1C5_LT029,1
FI1C5,SE232,FI1C5_SE232,1
FI1C5,SE331,FI1C5_SE331,1
FI1C5,SE322,FI1C5_SE322,1
FI1C5,SE332,FI1C5_SE332,1
FI1C5,SE124,FI1C5_SE124,1
FI1C5,SE125,FI1C5_SE125,1
FI1C5,SE123,FI1C5_SE123,1
FI1C5,SE231,FI1C5_SE231,1
FI1C5,SE321,FI1C5_SE321,1
FI1C5,SE312,FI1C5_SE312,1
FI1C5,SE221,FI1C5_SE221,1
FI1C5,SE211,FI1C5_SE211,1
FI1C5,LT011,FI1C5_LT011,1
FI1C5,SE313,FI1C5_SE313,1
FI1C5,SE224,FI1C5_SE224,1
FI1C5,SE311,FI1C5_SE311,1
FI1C5,SE110,FI1C5_SE110,1
FI1C5,SE121,FI1C5_SE121,1
FI1C5,SE214,FI1C5_SE214,1
FI1C5,SE212,FI1C5_SE212,1
FI1C5,NO0A3,FI1C5_NO0A3,1
FI1C5,NO071,FI1C5_NO071,1
FI1C5,NO0B1,FI1C5_NO0B1,1
FI1C5,EE009,FI1C5_EE009,1
FI1C5,NO0B2,FI1C5_NO0B2,1
LT023,LT024,LT023_LT024,1
LT023,LT028,LT023_LT028,1
LT023,LT029,LT023_LT029,1
LT023,SE232,LT023_SE232,1
LT023,SE331,LT023_SE331,1
LT023,SE322,LT023_SE322,1
LT023,SE332,LT023_SE332,1
LT023,SE124,LT023_SE124,1
LT023,SE125,LT023_SE125,1
LT023,SE123,LT023_SE123,1
LT023,SE231,LT023_SE231,1
LT023,SE321,LT023_SE321,1
LT023,SE312,LT023_SE312,1
LT023,SE221,LT023_SE221,1
LT023,SE211,LT023_SE211,1
LT023,LT011,LT023_LT011,1
LT023,SE313,LT023_SE313,1
LT023,SE224,LT023_SE224,1
LT023,SE311,LT023_SE311,1
LT023,SE110,LT023_SE110,1
LT023,SE121,LT023_SE121,1
LT023,SE214,LT023_SE214,1
LT023,SE212,LT023_SE212,1
LT023,NO0A3,LT023_NO0A3,1
LT023,NO071,LT023_NO071,1
LT023,NO0B1,LT023_NO0B1,1
LT023,EE009,LT023_EE009,1
LT023,NO0B2,LT023_NO0B2,1
LT024,LT028,LT024_LT028,1
LT024,LT029,LT024_LT029,1
LT024,SE232,LT024_SE232,1
LT024,SE331,LT024_SE331,1
LT024,SE322,LT024_SE322,1
LT024,SE332,LT024_SE332,1
LT024,SE124,LT024_SE124,1
LT024,SE125,LT024_SE125,1
LT024,SE123,LT024_SE123,1
LT024,SE231,LT024_SE231,1
LT024,SE321,LT024_SE321,1
LT024,SE312,LT024_SE312,1
LT024,SE221,LT024_SE221,1
LT024,SE211,LT024_SE211,1
LT024,LT011,LT024_LT011,1
LT024,SE313,LT024_SE313,1
LT024,SE224,LT024_SE224,1
LT024,SE311,LT024_SE311,1
LT024,SE110,LT024_SE110,1
LT024,SE121,LT024_SE121,1
LT024,SE214,LT024_SE214,1
LT024,SE212,LT024_SE212,1
LT024,NO0A3,LT024_NO0A3,1
LT024,NO071,LT024_NO071,1
LT024,NO0B1,LT024_NO0B1,1
LT024,EE009,LT024_EE009,1
LT024,NO0B2,LT024_NO0B2,1
LT028,LT029,LT028_LT029,1
LT028,SE232,LT028_SE232,1
LT028,SE331,LT028_SE331,1
LT028,SE322,LT028_SE322,1
LT028,SE332,LT028_SE332,1
LT028,SE124,LT028_SE124,1
LT028,SE125,LT028_SE125,1
LT028,SE123,LT028_SE123,1
LT028,SE231,LT028_SE231,1
LT028,SE321,LT028_SE321,1
LT028,SE312,LT028_SE312,1
LT028,SE221,LT028_SE221,1
LT028,SE211,LT028_SE211,1
LT028,LT011,LT028_LT011,1
LT028,SE313,LT028_SE313,1
LT028,SE224,LT028_SE224,1
LT028,SE311,LT028_SE311,1
LT028,SE110,LT028_SE110,1
LT028,SE121,LT028_SE121,1
LT028,SE214,LT028_SE214,1
LT028,SE212,LT028_SE212,1
LT028,NO0A3,LT028_NO0A3,1
LT028,NO071,LT028_NO071,1
LT028,NO0B1,LT028_NO0B1,1
LT028,EE009,LT028_EE009,1
LT028,NO0B2,LT028_NO0B2,1
LT029,SE232,LT029_SE232,1
LT029,SE331,LT029_SE331,1
LT029,SE322,LT029_SE322,1
LT029,SE332,LT029_SE332,1
LT029,SE124,LT029_SE124,1
LT029,SE125,LT029_SE125,1
LT029,SE123,LT029_SE123,1
LT029,SE231,LT029_SE231,1
LT029,SE321,LT029_SE321,1
LT029,SE312,LT029_SE312,1
LT029,SE221,LT029_SE221,1
LT029,SE211,LT029_SE211,1
LT029,LT011,LT029_LT011,1
LT029,SE313,LT029_SE313,1
LT029,SE224,LT029_SE224,1
LT029,SE311,LT029_SE311,1
LT029,SE110,LT029_SE110,1
LT029,SE121,LT029_SE121,1
LT029,SE214,LT029_SE214,1
LT029,SE212,LT029_SE212,1
LT029,NO0A3,LT029_NO0A3,1
LT029,NO071,LT029_NO071,1
LT029,NO0B1,LT029_NO0B1,1
LT029,EE009,LT029_EE009,1
LT029,NO0B2,LT029_NO0B2,1
SE232,SE331,SE232_SE331,1
SE232,SE322,SE232_SE322,1
SE232,SE332,SE232_SE332,1
SE232,SE124,SE232_SE124,1
SE232,SE125,SE232_SE125,1
SE232,SE123,SE232_SE123,1
SE232,SE231,SE232_SE231,1
SE232,SE321,SE232_SE321,1
SE232,SE312,SE232_SE312,1
SE232,SE221,SE232_SE221,1
SE232,SE211,SE232_SE211,1
SE232,LT011,SE232_LT011,1
SE232,SE313,SE232_SE313,1
SE232,SE224,SE232_SE224,1
SE232,SE311,SE232_SE311,1
SE232,SE110,SE232_SE110,1
SE232,SE121,SE232_SE121,1
SE232,SE214,SE232_SE214,1
SE232,SE212,SE232_SE212,1
SE232,NO0A3,SE232_NO0A3,1
SE232,NO071,SE232_NO071,1
SE232,NO0B1,SE232_NO0B1,1
SE232,EE009,SE232_EE009,1
SE232,NO0B2,SE232_NO0B2,1
SE331,SE322,SE331_SE322,1
SE331,SE332,SE331_SE332,1
SE331,SE124,SE331_SE124,1
SE331,SE125,SE331_SE125,1
SE331,SE123,SE331_SE123,1
SE331,SE231,SE331_SE231,1
SE331,SE321,SE331_SE321,1
SE331,SE312,SE331_SE312,1
SE331,SE221,SE331_SE221,1
SE331,SE211,SE331_SE211,1
SE331,LT011,SE331_LT011,1
SE331,SE313,SE331_SE313,1
SE331,SE224,SE331_SE224,1
SE331,SE311,SE331_SE311,1
SE331,SE110,SE331_SE110,1
SE331,SE121,SE331_SE121,1
SE331,SE214,SE331_SE214,1
SE331,SE212,SE331_SE212,1
SE331,NO0A3,SE331_NO0A3,1
SE331,NO071,SE331_NO071,1
SE331,NO0B1,SE331_NO0B1,1
SE331,EE009,SE331_EE009,1
SE331,NO0B2,SE331_NO0B2,1
SE322,SE332,SE322_SE332,1
SE322,SE124,SE322_SE124,1
SE322,SE125,SE322_SE125,1
SE322,SE123,SE322_SE123,1
SE322,SE231,SE322_SE231,1
SE322,SE321,SE322_SE321,1
SE322,SE312,SE322_SE312,1
SE322,SE221,SE322_SE221,1
SE322,SE211,SE322_SE211,1
SE322,LT011,SE322_LT011,1
SE322,SE313,SE322_SE313,1
SE322,SE224,SE322_SE224,1
SE322,SE311,SE322_SE311,1
SE322,SE110,SE322_SE110,1
SE322,SE121,SE322_SE121,1
SE322,SE214,SE322_SE214,1
SE322,SE212,SE322_SE212,1
SE322,NO0A3,SE322_NO0A3,1
SE322,NO071,SE322_NO071,1
SE322,NO0B1,SE322_NO0B1,1
SE322,EE009,SE322_EE009,1
SE322,NO0B2,SE322_NO0B2,1
SE332,SE124,SE332_SE124,1
SE332,SE125,SE332_SE125,1
SE332,SE123,SE332_SE123,1
SE332,SE231,SE332_SE231,1
SE332,SE321,SE332_SE321,1
SE332,SE312,SE332_SE312,1
SE332,SE221,SE332_SE221,1
SE332,SE211,SE332_SE211,1
SE332,LT011,SE332_LT011,1
SE332,SE313,SE332_SE313,1
SE332,SE224,SE332_SE224,1
SE332,SE311,SE332_SE311,1
SE332,SE110,SE332_SE110,1
SE332,SE121,SE332_SE121,1
SE332,SE214,SE332_SE214,1
SE332,SE212,SE332_SE212,1
SE332,NO0A3,SE332_NO0A3,1
SE332,NO071,SE332_NO071,1
SE332,NO0B1,SE332_NO0B1,1
SE332,EE009,SE332_EE009,1
SE332,NO0B2,SE332_NO0B2,1
SE124,SE125,SE124_SE125,1
SE124,SE123,SE124_SE123,1
SE124,SE231,SE124_SE231,1
SE124,SE321,SE124_SE321,1
SE124,SE312,SE124_SE312,1
SE124,SE221,SE124_SE221,1
SE124,SE211,SE124_SE211,1
SE124,LT011,SE124_LT011,1
SE124,SE313,SE124_SE313,1
SE124,SE224,SE124_SE224,1
SE124,SE311,SE124_SE311,1
SE124,SE110,SE124_SE110,1
SE124,SE121,SE124_SE121,1
SE124,SE214,SE124_SE214,1
SE124,SE212,SE124_SE212,1
SE124,NO0A3,SE124_NO0A3,1
SE124,NO071,SE124_NO071,1
SE124,NO0B1,SE124_NO0B1,1
SE124,EE009,SE124_EE009,1
SE124,NO0B2,SE124_NO0B2,1
SE125,SE123,SE125_SE123,1
SE125,SE231,SE125_SE231,1
SE125,SE321,SE125_SE321,1
SE125,SE312,SE125_SE312,1
SE125,SE221,SE125_SE221,1
SE125,SE211,SE125_SE211,1
SE125,LT011,SE125_LT011,1
SE125,SE313,SE125_SE313,1
SE125,SE224,SE125_SE224,1
SE125,SE311,SE125_SE311,1
SE125,SE110,SE125_SE110,1
SE125,SE121,SE125_SE121,1
SE125,SE214,SE125_SE214,1
SE125,SE212,SE125_SE212,1
SE125,NO0A3,SE125_NO0A3,1
SE125,NO071,SE125_NO071,1
SE125,NO0B1,SE125_NO0B1,1
SE125,EE009,SE125_EE009,1
SE125,NO0B2,SE125_NO0B2,1
SE123,SE231,SE123_SE231,1
SE123,SE321,SE123_SE321,1
SE123,SE312,SE123_SE312,1
SE123,SE221,SE123_SE221,1
SE123,SE211,SE123_SE211,1
SE123,LT011,SE123_LT011,1
SE123,SE313,SE123_SE313,1
SE123,SE224,SE123_SE224,1
SE123,SE311,SE123_SE311,1
SE123,SE110,SE123_SE110,1
SE123,SE121,SE123_SE121,1
SE123,SE214,SE123_SE214,1
SE123,SE212,SE123_SE212,1
SE123,NO0A3,SE123_NO0A3,1
SE123,NO071,SE123_NO071,1
SE123,NO0B1,SE123_NO0B1,1
SE123,EE009,SE123_EE009,1
SE123,NO0B2,SE123_NO0B2,1
SE231,SE321,SE231_SE321,1
SE231,SE312,SE231_SE312,1
SE231,SE221,SE231_SE221,1
SE231,SE211,SE231_SE211,1
SE231,LT011,SE231_LT011,1
SE231,SE313,SE231_SE313,1
SE231,SE224,SE231_SE224,1
SE231,SE311,SE231_SE311,1
SE231,SE110,SE231_SE110,1
SE231,SE121,SE231_SE121,1
SE231,SE214,SE231_SE214,1
SE231,SE212,SE231_SE212,1
SE231,NO0A3,SE231_NO0A3,1
SE231,NO071,SE231_NO071,1
SE231,NO0B1,SE231_NO0B1,1
SE231,EE009,SE231_EE009,1
SE231,NO0B2,SE231_NO0B2,1
SE321,SE312,SE321_SE312,1
SE321,SE221,SE321_SE221,1
SE321,SE211,SE321_SE211,1
SE321,LT011,SE321_LT011,1
SE321,SE313,SE321_SE313,1
SE321,SE224,SE321_SE224,1
SE321,SE311,SE321_SE311,1
SE321,SE110,SE321_SE110,1
SE321,SE121,SE321_SE121,1
SE321,SE214,SE321_SE214,1
SE321,SE212,SE321_SE212,1
SE321,NO0A3,SE321_NO0A3,1
SE321,NO071,SE321_NO071,1
SE321,NO0B1,SE321_NO0B1,1
SE321,EE009,SE321_EE009,1
SE321,NO0B2,SE321_NO0B2,1
SE312,SE221,SE312_SE221,1
SE312,SE211,SE312_SE211,1
SE312,LT011,SE312_LT011,1
SE312,SE313,SE312_SE313,1
SE312,SE224,SE312_SE224,1
SE312,SE311,SE312_SE311,1
SE312,SE110,SE312_SE110,1
SE312,SE121,SE312_SE121,1
SE312,SE214,SE312_SE214,1
SE312,SE212,SE312_SE212,1
SE312,NO0A3,SE312_NO0A3,1
SE312,NO071,SE312_NO071,1
SE312,NO0B1,SE312_NO0B1,1
SE312,EE009,SE312_EE009,1
SE312,NO0B2,SE312_NO0B2,1
SE221,SE211,SE221_SE211,1
SE221,LT011,SE221_LT011,1
SE221,SE313,SE221_SE313,1
SE221,SE224,SE221_SE224,1
SE221,SE311,SE221_SE311,1
SE221,SE110,SE221_SE110,1
SE221,SE121,SE221_SE121,1
SE221,SE214,SE221_SE214,1
SE221,SE212,SE221_SE212,1
SE221,NO0A3,SE221_NO0A3,1
SE221,NO071,SE221_NO071,1
SE221,NO0B1,SE221_NO0B1,1
SE221,EE009,SE221_EE009,1
SE221,NO0B2,SE221_NO0B2,1
SE211,LT011,SE211_LT011,1
SE211,SE313,SE211_SE313,1
SE211,SE224,SE211_SE224,1
SE211,SE311,SE211_SE311,1
SE211,SE110,SE211_SE110,1
SE211,SE121,SE211_SE121,1
SE211,SE214,SE211_SE214,1
SE211,SE212,SE211_SE212,1
SE211,NO0A3,SE211_NO0A3,1
SE211,NO071,SE211_NO071,1
SE211,NO0B1,SE211_NO0B1,1
SE211,EE009,SE211_EE009,1
SE211,NO0B2,SE211_NO0B2,1
LT011,SE313,LT011_SE313,1
LT011,SE224,LT011_SE224,1
LT011,SE311,LT011_SE311,1
LT011,SE110,LT011_SE110,1
LT011,SE121,LT011_SE121,1
LT011,SE214,LT011_SE214,1
LT011,SE212,LT011_SE212,1
LT011,NO0A3,LT011_NO0A3,1
LT011,NO071,LT011_NO071,1
LT011,NO0B1,LT011_NO0B1,1
LT011,EE009,LT011_EE009,1
LT011,NO0B2,LT011_NO0B2,1
SE313,SE224,SE313_SE224,1
SE313,SE311,SE313_SE311,1
SE313,SE110,SE313_SE110,1
SE313,SE121,SE313_SE121,1
SE313,SE214,SE313_SE214,1
SE313,SE212,SE313_SE212,1
SE313,NO0A3,SE313_NO0A3,1
SE313,NO071,SE313_NO071,1
SE313,NO0B1,SE313_NO0B1,1
SE313,EE009,SE313_EE009,1
SE313,NO0B2,SE313_NO0B2,1
SE224,SE311,SE224_SE311,1
SE224,SE110,SE224_SE110,1
SE224,SE121,SE224_SE121,1
SE224,SE214,SE224_SE214,1
SE224,SE212,SE224_SE212,1
SE224,NO0A3,SE224_NO0A3,1
SE224,NO071,SE224_NO071,1
SE224,NO0B1,SE224_NO0B1,1
SE224,EE009,SE224_EE009,1
SE224,NO0B2,SE224_NO0B2,1
SE311,SE110,SE311_SE110,1
SE311,SE121,SE311_SE121,1
SE311,SE214,SE311_SE214,1
SE311,SE212,SE311_SE212,1
SE311,NO0A3,SE311_NO0A3,1
SE311,NO071,SE311_NO071,1
SE311,NO0B1,SE311_NO0B1,1
SE311,EE009,SE311_EE009,1
SE311,NO0B2,SE311_NO0B2,1
SE110,SE121,SE110_SE121,1
SE110,SE214,SE110_SE214,1
SE110,SE212,SE110_SE212,1
SE110,NO0A3,SE110_NO0A3,1
SE110,NO071,SE110_NO071,1
SE110,NO0B1,SE110_NO0B1,1
SE110,EE009,SE110_EE009,1
SE110,NO0B2,SE110_NO0B2,1
SE121,SE214,SE121_SE214,1
SE121,SE212,SE121_SE212,1
SE121,NO0A3,SE121_NO0A3,1
SE121,NO071,SE121_NO071,1
SE121,NO0B1,SE121_NO0B1,1
SE121,EE009,SE121_EE009,1
SE121,NO0B2,SE121_NO0B2,1
SE214,SE212,SE214_SE212,1
SE214,NO0A3,SE214_NO0A3,1
SE214,NO071,SE214_NO071,1
SE214,NO0B1,SE214_NO0B1,1
SE214,EE009,SE214_EE009,1
SE214,NO0B2,SE214_NO0B2,1
SE212,NO0A3,SE212_NO0A3,1
SE212,NO071,SE212_NO071,1
SE212,NO0B1,SE212_NO0B1,1
SE212,EE009,SE212_EE009,1
SE212,NO0B2,SE212_NO0B2,1
NO0A3,NO071,NO0A3_NO071,1
NO0A3,NO0B1,NO0A3_NO0B1,1
NO0A3,EE009,NO0A3_EE009,1
NO0A3,NO0B2,NO0A3_NO0B2,1
NO071,NO0B1,NO071_NO0B1,1
NO071,EE009,NO071_EE009,1
NO071,NO0B2,NO071_NO0B2,1
NO0B1,EE009,NO0B1_EE009,1
NO0B1,NO0B2,NO0B1_NO0B2,1
EE009,NO0B2,EE009_NO0B2,1
